-- phpMyAdmin SQL Dump
-- version 4.5.1
-- http://www.phpmyadmin.net
--
-- Host: localhost:3306
-- Generation Time: 2016-08-11 18:01:35
-- 服务器版本： 5.6.17
-- PHP Version: 5.5.12

SET SQL_MODE = "NO_AUTO_VALUE_ON_ZERO";
SET time_zone = "+00:00";


/*!40101 SET @OLD_CHARACTER_SET_CLIENT=@@CHARACTER_SET_CLIENT */;
/*!40101 SET @OLD_CHARACTER_SET_RESULTS=@@CHARACTER_SET_RESULTS */;
/*!40101 SET @OLD_COLLATION_CONNECTION=@@COLLATION_CONNECTION */;
/*!40101 SET NAMES utf8mb4 */;

--
-- Database: `cfcyinglida`
--

-- --------------------------------------------------------

--
-- 表的结构 `blshj`
--

CREATE TABLE `blshj` (
  `id` int(100) NOT NULL,
  `hzhid` int(100) NOT NULL,
  `shjly` varchar(100) NOT NULL,
  `shfjshhf` varchar(100) NOT NULL,
  `skrylyf` varchar(100) NOT NULL,
  `shjmsh` varchar(100) NOT NULL,
  `hzhrq` varchar(100) NOT NULL,
  `shfjxyy` varchar(100) NOT NULL,
  `bghrrq` varchar(100) NOT NULL,
  `cfctbr` varchar(100) NOT NULL,
  `cfctbrid` varchar(100) NOT NULL,
  `yshid` varchar(100) DEFAULT NULL,
  `hrbm` varchar(100) DEFAULT NULL,
  `ruzuid` varchar(200) DEFAULT NULL,
  `laiyuan` varchar(200) DEFAULT NULL,
  `hrfankui` varchar(200) DEFAULT NULL
) ENGINE=MyISAM DEFAULT CHARSET=utf8;

--
-- 转存表中的数据 `blshj`
--

INSERT INTO `blshj` (`id`, `hzhid`, `shjly`, `shfjshhf`, `skrylyf`, `shjmsh`, `hzhrq`, `shfjxyy`, `bghrrq`, `cfctbr`, `cfctbrid`, `yshid`, `hrbm`, `ruzuid`, `laiyuan`, `hrfankui`) VALUES
(1, 17, '0', '0', '1mg*14片/盒 ,', '去世', '2016-07-25', '1', '2016-07-25', '系统管理员', '1', NULL, NULL, NULL, NULL, NULL);

-- --------------------------------------------------------

--
-- 表的结构 `cblxdq`
--

CREATE TABLE `cblxdq` (
  `id` int(11) NOT NULL,
  `sheng` varchar(100) NOT NULL,
  `shi` varchar(100) NOT NULL,
  `qu` varchar(100) DEFAULT NULL,
  `lx` varchar(100) NOT NULL,
  `hj` varchar(100) NOT NULL,
  `shl` varchar(100) DEFAULT NULL,
  `bzh` varchar(100) DEFAULT NULL,
  `shfshx` int(11) NOT NULL,
  `wjjshrq` varchar(100) DEFAULT NULL,
  `shxrq` varchar(100) DEFAULT NULL,
  `tyrq` varchar(100) DEFAULT NULL
) ENGINE=MyISAM DEFAULT CHARSET=utf8;

-- --------------------------------------------------------

--
-- 表的结构 `cfcbbfb`
--

CREATE TABLE `cfcbbfb` (
  `id` int(11) NOT NULL,
  `fblx` varchar(100) NOT NULL,
  `fbrq` varchar(100) NOT NULL,
  `czr` varchar(100) NOT NULL,
  `czrq` varchar(100) NOT NULL
) ENGINE=MyISAM DEFAULT CHARSET=utf8;

-- --------------------------------------------------------

--
-- 表的结构 `cfclsdj`
--

CREATE TABLE `cfclsdj` (
  `id` int(21) NOT NULL COMMENT 'id',
  `hzhid` int(21) NOT NULL COMMENT '患者Id',
  `zhuangtai` int(2) NOT NULL DEFAULT '0' COMMENT '状态（0为正常，1为冻结发药）'
) ENGINE=InnoDB DEFAULT CHARSET=utf8 COMMENT='cfc临时冻结患者领药';

-- --------------------------------------------------------

--
-- 表的结构 `cfcyy`
--

CREATE TABLE `cfcyy` (
  `id` int(11) NOT NULL,
  `yshxm` varchar(100) NOT NULL,
  `fshrq` varchar(100) NOT NULL,
  `xhrq` varchar(100) DEFAULT NULL,
  `czr` varchar(100) DEFAULT NULL,
  `shl` varchar(100) NOT NULL,
  `zht` varchar(100) NOT NULL,
  `yfmch` varchar(100) DEFAULT NULL
) ENGINE=MyISAM DEFAULT CHARSET=utf8;

--
-- 转存表中的数据 `cfcyy`
--

INSERT INTO `cfcyy` (`id`, `yshxm`, `fshrq`, `xhrq`, `czr`, `shl`, `zht`, `yfmch`) VALUES
(1, '7', '2016-06-25', NULL, NULL, '24', '1', '北京国大药房连锁有限公司永定门连锁店');

-- --------------------------------------------------------

--
-- 表的结构 `clshh`
--

CREATE TABLE `clshh` (
  `id` int(11) NOT NULL,
  `mchid` varchar(100) NOT NULL,
  `shfshd` varchar(100) NOT NULL,
  `shdrq` varchar(500) NOT NULL,
  `shfyx` varchar(100) NOT NULL,
  `shhrq` varchar(500) NOT NULL,
  `shqbzh` varchar(6000) NOT NULL,
  `shhr` varchar(100) NOT NULL,
  `shhyj` varchar(100) NOT NULL,
  `wtgyy` varchar(6000) DEFAULT NULL,
  `bzhshm` varchar(100) DEFAULT NULL,
  `hzhid` varchar(100) NOT NULL,
  `shhrrq` varchar(100) NOT NULL,
  `shscl` varchar(1000) DEFAULT NULL,
  `dqshhr` varchar(100) NOT NULL
) ENGINE=MyISAM DEFAULT CHARSET=utf8 COMMENT='材料审核 管理员填写内容';

--
-- 转存表中的数据 `clshh`
--

INSERT INTO `clshh` (`id`, `mchid`, `shfshd`, `shdrq`, `shfyx`, `shhrq`, `shqbzh`, `shhr`, `shhyj`, `wtgyy`, `bzhshm`, `hzhid`, `shhrrq`, `shscl`, `dqshhr`) VALUES
(1, ',,,,,,,,,,,,,,,,,,,,,,,', ',,,,,,,,,,,,,,,,,,,,,,,', ',,,,,,,,,,,,,,,,,,,,,,,', ',,,,,,,,,,,,,,,,,,,,,,,', ',,,,,,,,,,,,,,,,,,,,,,,', ',,,,,,,,,,,,,,,,,,,,,,,', ',,,,,,,,,,,,,,,,,,,,,,,', '0', '', '', '2', '2016-04-13', '', '系统管理员'),
(2, '1,,3,,,,,,,,11,12,13,14,15,16,17,18,19,20,21,,,', '1,,1,,,,,,,,1,1,1,1,1,1,1,1,1,1,1,,,', '2016-04-13,,2016-04-13,,,,,,,,2016-04-13,2016-04-13,2016-04-13,2016-04-13,2016-04-13,2016-04-13,2016-04-13,2016-04-13,2016-04-13,2016-04-13,2016-04-13,,,', '1,,1,,,,,,,,1,1,1,1,1,1,1,1,1,1,1,,,', '2016-04-13,,2016-04-13,,,,,,,,2016-04-13,2016-04-13,2016-04-13,2016-04-13,2016-04-13,2016-04-13,2016-04-13,2016-04-13,2016-04-13,2016-04-13,2016-04-13,,,', ',,,,,,,,,,,,,,,,,,,,,,,', '系统管理员,,系统管理员,,,,,,,,系统管理员,系统管理员,系统管理员,系统管理员,系统管理员,系统管理员,系统管理员,系统管理员,系统管理员,系统管理员,系统管理员,,,', '1', '', '', '2', '2016-04-13', '', '系统管理员'),
(3, '1,,3,,,,,,,,11,12,13,14,15,16,17,18,19,20,21,,,', '1,,1,,,,,,,,1,1,1,1,1,1,1,1,1,1,1,,,', '2016-04-13,,2016-04-13,,,,,,,,2016-04-13,2016-04-13,2016-04-13,2016-04-13,2016-04-13,2016-04-13,2016-04-13,2016-04-13,2016-04-13,2016-04-13,2016-04-13,,,', '1,,1,,,,,,,,1,1,1,1,1,1,1,1,1,1,1,,,', '2016-04-14,,2016-04-14,,,,,,,,2016-04-14,2016-04-14,2016-04-14,2016-04-14,2016-04-14,2016-04-14,2016-04-14,2016-04-14,2016-04-14,2016-04-14,2016-04-14,,,', ',,,,,,,,,,,,,,,,,,,,,,,', '系统管理员,,系统管理员,,,,,,,,系统管理员,系统管理员,系统管理员,系统管理员,系统管理员,系统管理员,系统管理员,系统管理员,系统管理员,系统管理员,系统管理员,,,', '1', '', '', '1', '2016-04-14', '', '系统管理员'),
(4, '1,,,,,,,,,10,11,12,13,14,15,16,17,18,19,20,21,,,', '1,,,,,,,,,1,1,1,1,1,1,1,1,1,1,1,1,,,', '2015-12-28,,,,,,,,,2015-12-28,2015-12-28,2015-12-28,2015-12-28,2015-12-28,2015-12-28,2015-12-28,2015-12-28,2015-12-28,2015-12-28,2015-12-28,2015-12-28,,,', '1,,,,,,,,,1,,,1,1,1,,1,1,1,1,1,,,', '2016-04-20,,,,,,,,,2016-04-20,2016-04-20,2016-04-20,2016-04-20,2016-04-20,2016-04-20,2016-04-20,2016-04-20,2016-04-20,2016-04-20,2016-04-20,2016-04-20,,,', ',,,,,,,,,,确认表评估时间未填,住院病案首页（2003年4月）,,,,照片处盖章,,,,,,,,', '系统管理员,,,,,,,,,系统管理员,系统管理员,系统管理员,系统管理员,系统管理员,系统管理员,系统管理员,系统管理员,系统管理员,系统管理员,系统管理员,系统管理员,,,', '0', '医学条件确认表：确认表评估时间未填\r\n首次确诊晚期肾细胞癌的住院病历首页、出院小结：住院病案首页（2003年4月）\r\n经济情况调查表：照片处盖章\r\n', '', '4', '2016-04-20', '', '系统管理员'),
(5, '1,,,,,,,,,10,11,12,13,14,15,16,17,18,19,20,21,,,', '1,,,,,,,,,1,1,1,1,1,1,1,1,1,1,1,1,,,', '2015-12-28,,,,,,,,,2015-12-28,2015-12-29,2015-12-29,2015-12-28,2015-12-28,2015-12-28,2015-12-29,2015-12-28,2015-12-28,2015-12-28,2015-12-28,2015-12-28,,,', '1,,,,,,,,,1,1,1,1,1,1,1,1,1,1,1,1,,,', '2016-04-20,,,,,,,,,2016-04-20,2016-04-20,2016-04-20,2016-04-20,2016-04-20,2016-04-20,2016-04-20,2016-04-20,2016-04-20,2016-04-20,2016-04-20,2016-04-20,,,', ',,,,,,,,,,,,,,,,,,,,,,,', '系统管理员,,,,,,,,,系统管理员,系统管理员,系统管理员,系统管理员,系统管理员,系统管理员,系统管理员,系统管理员,系统管理员,系统管理员,系统管理员,系统管理员,,,', '1', '', '', '4', '2016-04-20', '', '系统管理员'),
(6, '1,,,,,,,,,10,11,12,13,14,15,16,17,18,19,20,21,,,', '1,,,,,,,,,1,1,1,1,1,1,1,1,1,1,1,1,,,', '2015-12-29,,,,,,,,,2015-12-29,2015-12-29,2015-12-29,2015-12-29,2015-12-29,2015-12-29,2015-12-29,2015-12-29,2015-12-29,2015-12-29,2015-12-29,2015-12-29,,,', '1,,,,,,,,,1,1,1,1,1,1,1,1,1,1,1,1,,,', '2016-04-27,,,,,,,,,2016-04-27,2016-04-27,2016-04-27,2016-04-27,2016-04-27,2016-04-27,2016-04-27,2016-04-27,2016-04-27,2016-04-27,2016-04-27,2016-04-27,,,', ',,,,,,,,,,,,,,,,,,,,,,,', '系统管理员,,,,,,,,,系统管理员,系统管理员,系统管理员,系统管理员,系统管理员,系统管理员,系统管理员,系统管理员,系统管理员,系统管理员,系统管理员,系统管理员,,,', '1', '', '', '5', '2016-04-27', '', '系统管理员'),
(7, '1,2,3,4,5,6,7,8,9,10,11,12,13,14,15,16,17,18,19,20,21,,,', '1,1,1,1,1,1,1,1,1,1,1,1,1,1,1,1,1,1,1,1,1,,,', '2016-01-27,2016-01-27,2016-01-27,2016-01-27,2016-01-27,2016-01-27,2016-01-27,2016-01-27,2016-01-27,2016-01-27,2016-01-27,2016-01-27,2016-01-27,2016-01-27,2016-01-27,2016-01-27,2016-01-27,2016-01-27,2016-01-27,2016-01-27,2016-01-27,,,', '1,1,1,1,1,1,1,1,1,1,1,1,1,1,1,1,1,1,1,1,1,,,', '2016-04-27,2016-04-27,2016-04-27,2016-04-27,2016-04-27,2016-04-27,2016-04-27,2016-04-27,2016-04-27,2016-04-27,2016-04-27,2016-04-27,2016-04-27,2016-04-27,2016-04-27,2016-04-27,2016-04-27,2016-04-27,2016-04-27,2016-04-27,2016-04-27,,,', ',,,,,,,,,,,,,,,,,,,,,,,', '系统管理员,系统管理员,系统管理员,系统管理员,系统管理员,系统管理员,系统管理员,系统管理员,系统管理员,系统管理员,系统管理员,系统管理员,系统管理员,系统管理员,系统管理员,系统管理员,系统管理', '1', '', '', '6', '2016-04-27', '', '系统管理员'),
(8, '1,,3,,,,,,,,11,12,13,14,15,16,17,18,19,20,21,,,', '1,,1,,,,,,,,1,1,1,1,1,1,1,1,1,1,1,,,', '2016-04-06,,2016-04-06,,,,,,,,2016-04-06,2016-04-06,2016-04-06,2016-04-06,2016-04-06,2016-04-06,2016-04-06,2016-04-06,2016-04-06,2016-04-06,2016-04-06,,,', '1,,1,,,,,,,,1,1,1,1,1,1,1,1,1,1,1,,,', '2016-05-04,,2016-05-04,,,,,,,,2016-05-04,2016-05-04,2016-05-04,2016-05-04,2016-05-04,2016-05-04,2016-05-04,2016-05-04,2016-05-04,2016-05-04,2016-05-04,,,', ',,,,,,,,,,,,,,,,,,,,,,,', '系统管理员,,系统管理员,,,,,,,,系统管理员,系统管理员,系统管理员,系统管理员,系统管理员,系统管理员,系统管理员,系统管理员,系统管理员,系统管理员,系统管理员,,,', '1', '', '', '7', '2016-05-04', '', '系统管理员'),
(9, '1,,3,,,,,,,,11,12,13,14,15,16,17,18,19,20,21,22,,', '1,,1,,,,,,,,1,1,1,1,1,1,1,1,1,1,1,1,,', '2016-05-01,,2016-05-01,,,,,,,,2016-05-01,2016-05-01,2016-05-01,2016-05-01,2016-05-01,2016-05-01,2016-05-01,2016-05-01,2016-05-01,2016-05-01,2016-05-01,2016-05-01,,', '1,,1,,,,,,,,1,1,1,1,1,1,1,1,1,1,1,1,,', '2016-05-12,,2016-05-12,,,,,,,,2016-05-12,2016-05-12,2016-05-12,2016-05-12,2016-05-12,2016-05-12,2016-05-12,2016-05-12,2016-05-12,2016-05-12,2016-05-12,2016-05-12,,', ',,,,,,,,,,,,,,,,,,,,,,,', '系统管理员,,系统管理员,,,,,,,,系统管理员,系统管理员,系统管理员,系统管理员,系统管理员,系统管理员,系统管理员,系统管理员,系统管理员,系统管理员,系统管理员,系统管理员,,', '1', '', '', '9', '2016-05-12', '', '系统管理员'),
(10, '1,,3,,,,,,,,11,12,13,14,15,16,17,18,19,20,21,,,', '1,,1,,,,,,,,1,1,1,1,1,1,1,1,1,1,1,,,', '2016-05-01,,2016-05-01,,,,,,,,2016-05-01,2016-05-01,2016-05-01,2016-05-01,2016-05-01,2016-05-01,2016-05-01,2016-05-01,2016-05-01,2016-05-01,2016-05-01,,,', '1,,1,,,,,,,,1,1,1,1,1,1,1,1,,1,1,,,', '2016-05-13,,2016-05-13,,,,,,,,2016-05-13,2016-05-13,2016-05-13,2016-05-13,2016-05-13,2016-05-13,2016-05-13,2016-05-13,2016-05-13,2016-05-13,2016-05-13,,,', ',,,,,,,,,,,,,,,,,,补充女儿户口本复印件,,,,,', '系统管理员,,系统管理员,,,,,,,,系统管理员,系统管理员,系统管理员,系统管理员,系统管理员,系统管理员,系统管理员,系统管理员,系统管理员,系统管理员,系统管理员,,,', '0', '患者及直系亲属户口本复印件：补充女儿户口本复印件\r\n', '', '8', '2016-05-13', '', '系统管理员'),
(11, '1,,,,5,,,,,,11,12,13,14,15,16,17,18,19,20,21,22,,', '1,,,,1,,,,,,1,1,1,1,1,1,1,1,1,1,1,1,,', '2016-05-01,,,,2016-05-01,,,,,,2016-05-01,2016-05-01,2016-05-01,2016-05-01,2016-05-01,2016-05-01,2016-05-01,2016-05-01,2016-05-01,2016-05-01,2016-05-01,2016-05-01,,', '1,,,,1,,,,,,,1,1,1,1,1,1,1,1,1,1,1,,', '2016-05-16,,,,2016-05-16,,,,,,2016-05-16,2016-05-16,2016-05-16,2016-05-16,2016-05-16,2016-05-16,2016-05-16,2016-05-16,2016-05-16,2016-05-16,2016-05-16,2016-05-16,,', ',,,,,,,,,,指定医生签字有误,,,,,,,,,,,,,', '系统管理员,,,,系统管理员,,,,,,系统管理员,系统管理员,系统管理员,系统管理员,系统管理员,系统管理员,系统管理员,系统管理员,系统管理员,系统管理员,系统管理员,系统管理员,,', '0', '医学条件确认表：指定医生签字有误\r\n', '', '10', '2016-05-16', '', '系统管理员'),
(12, '1,,,,5,,,,,,11,12,13,14,15,16,17,18,19,20,21,22,,', '1,,,,1,,,,,,1,1,1,1,1,1,1,1,1,1,1,1,,', '2016-05-01,,,,2016-05-01,,,,,,2016-05-11,2016-05-01,2016-05-01,2016-05-01,2016-05-01,2016-05-01,2016-05-01,2016-05-01,2016-05-01,2016-05-01,2016-05-01,2016-05-01,,', '1,,,,1,,,,,,1,1,1,1,1,1,1,1,1,1,1,1,,', '2016-05-16,,,,2016-05-16,,,,,,2016-05-16,2016-05-16,2016-05-16,2016-05-16,2016-05-16,2016-05-16,2016-05-16,2016-05-16,2016-05-16,2016-05-16,2016-05-16,2016-05-16,,', ',,,,,,,,,,,,,,,,,,,,,,,', '系统管理员,,,,系统管理员,,,,,,系统管理员,系统管理员,系统管理员,系统管理员,系统管理员,系统管理员,系统管理员,系统管理员,系统管理员,系统管理员,系统管理员,系统管理员,,', '1', '', '', '10', '2016-05-16', '', '系统管理员'),
(13, '1,2,3,4,5,6,7,8,9,10,11,12,13,14,15,16,17,18,19,20,21,,,', '1,,1,,,,,,,,1,1,1,1,1,1,1,1,1,1,1,,,', '2016-06-01,2016-06-01,2016-06-01,2016-06-01,,,,,,,2016-06-01,2016-06-01,2016-06-01,2016-06-01,2016-06-01,2016-06-01,2016-06-01,2016-06-01,2016-06-01,2016-06-01,2016-06-01,,,', '1,,1,,,,,,,,1,1,1,1,1,1,1,1,1,1,1,,,', '2016-06-07,2016-06-07,2016-06-07,2016-06-07,,,,,,,2016-06-07,2016-06-07,2016-06-07,2016-06-07,2016-06-07,2016-06-07,2016-06-07,2016-06-07,2016-06-07,2016-06-07,2016-06-07,,,', ',,,,,,,,,,,,,,,,,,,,,,,', '系统管理员,系统管理员,系统管理员,系统管理员,,,,,,,系统管理员,系统管理员,系统管理员,系统管理员,系统管理员,系统管理员,系统管理员,系统管理员,系统管理员,系统管理员,系统管理员,,,', '0', '未收到：英立达发票原件（5瓶）——进入索坦项目的患者、未进入索坦项目但吃过8瓶的患者\r\n未收到：英立达发票原件（9瓶）——未进入索坦项目但吃过2瓶的患者\r\n未收到：英立达发票原件（8瓶）——未进入索坦项目但吃过3瓶或4瓶的患者\r\n未收到：英立达发票原件（7瓶）——未进入索坦项目但吃过5瓶的患者\r\n未收到：英立达发票原件（6瓶）——未进入索坦项目但吃过6瓶或7瓶的患者\r\n未收到：英立达发票原件（4瓶）——未进入索坦项目但吃过9瓶或10瓶的患者\r\n未收到：英立达发票原件（3瓶）——未进入索坦项目但吃过11瓶的患者\r\n未收到：英立达发票原件（2瓶）——未进入索坦项目但吃过12瓶的患者\r\n', '', '11', '2016-06-07', '', '系统管理员'),
(14, '1,2,3,4,5,6,7,8,9,10,11,12,13,14,15,16,17,18,19,20,21,,,', '1,1,1,1,1,1,1,1,1,1,1,1,1,1,1,1,1,1,1,1,1,,,', '2016-06-01,2016-06-01,2016-06-01,2016-06-01,2016-06-06,2016-06-06,2016-06-06,2016-06-06,2016-06-06,2016-06-06,2016-06-01,2016-06-01,2016-06-01,2016-06-01,2016-06-01,2016-06-01,2016-06-01,2016-06-01,2016-06-01,2016-06-01,2016-06-01,,,', '1,1,1,1,1,1,1,1,1,1,1,1,1,1,1,1,1,1,1,1,1,,,', '2016-06-07,2016-06-07,2016-06-07,2016-06-07,2016-06-07,2016-06-07,2016-06-07,2016-06-07,2016-06-07,2016-06-07,2016-06-07,2016-06-07,2016-06-07,2016-06-07,2016-06-07,2016-06-07,2016-06-07,2016-06-07,2016-06-07,2016-06-07,2016-06-07,,,', ',,,,,,,,,,,,,,,,,,,,,,,', '系统管理员,系统管理员,系统管理员,系统管理员,系统管理员,系统管理员,系统管理员,系统管理员,系统管理员,系统管理员,系统管理员,系统管理员,系统管理员,系统管理员,系统管理员,系统管理员,系统管理', '1', '', '', '11', '2016-06-07', '', '系统管理员'),
(15, '1,,3,,,,,,,,11,12,13,14,15,16,17,18,19,20,21,22,,', '1,,1,,,,,,,,1,1,1,1,1,1,1,1,1,1,1,1,,', '2016-01-13,,2016-01-13,,,,,,,,2016-01-13,2016-01-13,2016-01-13,2016-01-13,2016-01-13,2016-01-13,2016-01-13,2016-01-13,2016-01-13,2016-01-13,2016-01-13,2016-01-13,,', '1,,1,,,,,,,,1,1,1,1,1,1,1,1,1,1,1,1,,', '2016-06-07,,2016-06-07,,,,,,,,2016-06-07,2016-06-07,2016-06-07,2016-06-07,2016-06-07,2016-06-07,2016-06-07,2016-06-07,2016-06-07,2016-06-07,2016-06-07,2016-06-07,,', ',,,,,,,,,,,,,,,,,,,,,,,', '系统管理员,,系统管理员,,,,,,,,系统管理员,系统管理员,系统管理员,系统管理员,系统管理员,系统管理员,系统管理员,系统管理员,系统管理员,系统管理员,系统管理员,系统管理员,,', '1', '', '', '12', '2016-06-07', '', '系统管理员'),
(16, '1,,3,,,,,,,,11,12,13,14,15,16,17,18,19,20,21,,,', '1,,1,,,,,,,,1,1,1,1,1,1,1,1,1,1,1,,,', '2016-06-24,,2016-06-24,,,,,,,,2016-06-24,2016-06-24,2016-06-24,2016-06-24,2016-06-24,2016-06-24,2016-06-24,2016-06-24,2016-06-24,2016-06-24,2016-06-24,,,', '1,,1,,,,,,,,1,1,1,1,1,1,1,1,1,1,1,,,', '2016-06-25,,2016-06-25,,,,,,,,2016-06-25,2016-06-25,2016-06-25,2016-06-25,2016-06-25,2016-06-25,2016-06-25,2016-06-25,2016-06-25,2016-06-25,2016-06-25,,,', ',,,,,,,,,,,,,,,,,,,,,,,', '系统管理员,,系统管理员,,,,,,,,系统管理员,系统管理员,系统管理员,系统管理员,系统管理员,系统管理员,系统管理员,系统管理员,系统管理员,系统管理员,系统管理员,,,', '1', '', '', '15', '2016-06-25', '', '系统管理员'),
(17, '1,,3,,,,,,,,11,12,13,14,15,16,17,18,19,20,21,,,', '1,,1,,,,,,,,1,1,1,1,1,1,1,1,1,1,1,,,', '2016-07-01,,2016-07-01,,,,,,,,2016-07-01,2016-07-01,2016-07-01,2016-07-01,2016-07-01,2016-07-01,2016-07-01,2016-07-01,2016-07-01,2016-07-01,2016-07-01,,,', '1,,1,,,,,,,,1,1,1,1,1,1,1,1,1,1,1,,,', '2016-07-24,,2016-07-24,,,,,,,,2016-07-24,2016-07-24,2016-07-24,2016-07-24,2016-07-24,2016-07-24,2016-07-24,2016-07-24,2016-07-24,2016-07-24,2016-07-24,,,', ',,,,,,,,,,,,,,,,,,,,,,,', '系统管理员,,系统管理员,,,,,,,,系统管理员,系统管理员,系统管理员,系统管理员,系统管理员,系统管理员,系统管理员,系统管理员,系统管理员,系统管理员,系统管理员,,,', '1', '', '', '17', '2016-07-24', '', '系统管理员'),
(18, '1,,3,,,,,,,,11,12,13,14,15,16,17,18,19,20,21,,,', '1,,1,,,,,,,,1,1,1,1,1,1,1,1,1,1,1,,,', '2016-08-05,,2016-08-05,,,,,,,,2016-08-05,2016-08-05,2016-08-05,2016-08-05,2016-08-05,2016-08-05,2016-08-05,2016-08-05,2016-08-05,2016-08-05,2016-08-05,,,', '1,,1,,,,,,,,1,1,1,1,1,1,1,1,1,1,1,,,', '2016-08-05,,2016-08-05,,,,,,,,2016-08-05,2016-08-05,2016-08-05,2016-08-05,2016-08-05,2016-08-05,2016-08-05,2016-08-05,2016-08-05,2016-08-05,2016-08-05,,,', ',,,,,,,,,,,,,,,,,,,,,,,', '系统管理员,,系统管理员,,,,,,,,系统管理员,系统管理员,系统管理员,系统管理员,系统管理员,系统管理员,系统管理员,系统管理员,系统管理员,系统管理员,系统管理员,,,', '1', '', '', '21', '2016-08-05', '', '系统管理员'),
(19, '1,,3,,,,,,,,11,12,13,14,15,16,17,18,19,20,21,,,', '1,,1,,,,,,,,1,1,1,1,1,1,1,1,1,1,1,,,', '2016-08-10,,2016-08-10,,,,,,,,2016-08-10,2016-08-10,2016-08-10,2016-08-10,2016-08-10,2016-08-10,2016-08-10,2016-08-10,2016-08-10,2016-08-10,2016-08-10,,,', '1,,1,,,,,,,,1,1,1,1,1,1,1,1,1,1,1,,,', '2016-08-11,,2016-08-11,,,,,,,,2016-08-11,2016-08-11,2016-08-11,2016-08-11,2016-08-11,2016-08-11,2016-08-11,2016-08-11,2016-08-11,2016-08-11,2016-08-11,,,', ',,,,,,,,,,,,,,,,,,,,,,,', '系统管理员,,系统管理员,,,,,,,,系统管理员,系统管理员,系统管理员,系统管理员,系统管理员,系统管理员,系统管理员,系统管理员,系统管理员,系统管理员,系统管理员,,,', '1', '', '', '22', '2016-08-11', '', '系统管理员'),
(20, '1,,3,,,,,,,,11,12,13,14,15,16,17,18,19,20,21,,,', '1,,1,,,,,,,,1,1,1,1,1,1,1,1,1,1,1,,,', '2016-08-10,,2016-08-10,,,,,,,,2016-08-10,2016-08-10,2016-08-10,2016-08-10,2016-08-10,2016-08-10,2016-08-10,2016-08-10,2016-08-10,2016-08-10,2016-08-10,,,', '1,,1,,,,,,,,1,1,1,1,1,1,1,1,1,1,1,,,', '2016-08-11,,2016-08-11,,,,,,,,2016-08-11,2016-08-11,2016-08-11,2016-08-11,2016-08-11,2016-08-11,2016-08-11,2016-08-11,2016-08-11,2016-08-11,2016-08-11,,,', ',,,,,,,,,,,,,,,,,,,,,,,', '系统管理员,,系统管理员,,,,,,,,系统管理员,系统管理员,系统管理员,系统管理员,系统管理员,系统管理员,系统管理员,系统管理员,系统管理员,系统管理员,系统管理员,,,', '1', '', '', '23', '2016-08-11', '', '系统管理员'),
(21, '1,,,,,6,,,,,11,12,13,14,15,16,17,18,19,20,21,,,', '1,,,,,1,,,,,1,1,1,1,,1,1,1,1,1,1,,,', '2016-08-09,,,,,2016-08-09,,,,,2016-08-09,2016-08-09,2016-08-09,2016-08-09,,2016-08-09,2016-08-09,2016-08-09,2016-08-09,2016-08-09,2016-08-09,,,', '1,,,,,1,,,,,1,,,,,1,1,1,1,1,1,,,', '2016-08-11,,,,,2016-08-11,,,,,2016-08-11,2016-08-11,2016-08-11,2016-08-11,,2016-08-11,2016-08-11,2016-08-11,2016-08-11,2016-08-11,2016-08-11,,,', ',,,,,,,,,,,,,,,,,,,,,,,', '李春蕾,,,,,李春蕾,,,,,李春蕾,李春蕾,李春蕾,李春蕾,,李春蕾,李春蕾,李春蕾,李春蕾,李春蕾,李春蕾,,,', '0', '未收到：患者知情同意书\r\n首次确诊晚期肾细胞癌的住院病历首页、出院小结：\r\n首次确诊晚期肾细胞癌的病理报告：\r\n近期可测量病灶影像学检查报告单：\r\n', '', '24', '2016-08-11', '', '李春蕾'),
(22, '1,,,,,6,,,,,11,12,13,14,15,16,17,18,19,20,21,,,', '1,,,,,1,,,,,1,1,1,1,1,1,1,1,1,1,1,,,', '2016-08-09,,,,,2016-08-09,,,,,2016-08-09,2016-08-09,2016-08-09,2016-08-09,2016-08-10,2016-08-09,2016-08-09,2016-08-09,2016-08-09,2016-08-09,2016-08-09,,,', '1,,,,,1,,,,,1,1,1,1,1,1,1,1,1,1,1,,,', '2016-08-11,,,,,2016-08-11,,,,,2016-08-11,2016-08-11,2016-08-11,2016-08-11,2016-08-11,2016-08-11,2016-08-11,2016-08-11,2016-08-11,2016-08-11,2016-08-11,,,', ',,,,,,,,,,,,,,,,,,,,,,,', '李春蕾,,,,,李春蕾,,,,,李春蕾,李春蕾,李春蕾,李春蕾,李春蕾,李春蕾,李春蕾,李春蕾,李春蕾,李春蕾,李春蕾,,,', '1', '', '', '24', '2016-08-11', '', '李春蕾'),
(23, '1,,3,,,,,,,,11,12,13,14,15,16,17,18,19,20,21,,,', '1,,1,,,,,,,,1,1,1,1,1,1,1,1,1,1,1,,,', '2016-08-11,,2016-08-11,,,,,,,,2016-08-11,2016-08-11,2016-08-11,2016-08-11,2016-08-11,2016-08-11,2016-08-11,2016-08-11,2016-08-11,2016-08-11,2016-08-11,,,', '1,,1,,,,,,,,1,1,1,1,1,1,1,1,1,1,1,,,', '2016-08-11,,2016-08-11,,,,,,,,2016-08-11,2016-08-11,2016-08-11,2016-08-11,2016-08-11,2016-08-11,2016-08-11,2016-08-11,2016-08-11,2016-08-11,2016-08-11,,,', ',,,,,,,,,,,,,,,,,,,,,,,', '系统管理员,,系统管理员,,,,,,,,系统管理员,系统管理员,系统管理员,系统管理员,系统管理员,系统管理员,系统管理员,系统管理员,系统管理员,系统管理员,系统管理员,,,', '1', '', '', '20', '2016-08-11', '', '系统管理员');

-- --------------------------------------------------------

--
-- 表的结构 `clshhmch`
--

CREATE TABLE `clshhmch` (
  `id` int(100) NOT NULL,
  `nr` varchar(100) NOT NULL,
  `kjcd` text
) ENGINE=MyISAM DEFAULT CHARSET=utf8 COMMENT='材料审核菜单';

--
-- 转存表中的数据 `clshhmch`
--

INSERT INTO `clshhmch` (`id`, `nr`, `kjcd`) VALUES
(1, '患者近期1寸照片2张', NULL),
(2, '英立达（5瓶）——进入索坦项目的患者、未进入索坦项目但吃过8瓶的患者', NULL),
(3, '英立达发票原件（10瓶）——未吃过索坦或吃过1瓶的患者', NULL),
(4, '英立达（9瓶）——未进入索坦项目但吃过2瓶的患者', NULL),
(5, '英立达（8瓶）——未进入索坦项目但吃过3瓶或4瓶的患者', NULL),
(6, '英立达（7瓶）——未进入索坦项目但吃过5瓶的患者', NULL),
(7, '英立达（6瓶）——未进入索坦项目但吃过6瓶或7瓶的患者', NULL),
(8, '英立达（4瓶）——未进入索坦项目但吃过9瓶或10瓶的患者', NULL),
(9, '英立达（3瓶）——未进入索坦项目但吃过11瓶的患者', NULL),
(10, '英立达（2瓶）——未进入索坦项目但吃过12瓶的患者', NULL),
(11, '医学条件确认表', NULL),
(12, '首次确诊晚期肾细胞癌的住院病历首页、出院小结', NULL),
(13, '首次确诊晚期肾细胞癌的病理报告', NULL),
(14, '近期可测量病灶影像学检查报告单', NULL),
(15, '患者知情同意书', NULL),
(16, '经济情况调查表', NULL),
(17, '患者及其直系亲属收入证明', NULL),
(18, '患者身份证复印件', NULL),
(19, '患者及直系亲属户口本复印件', NULL),
(20, '房产证明', NULL),
(21, '服用细胞因子或酪氨酸激酶抑制剂证明', NULL),
(22, '细胞因子或酪氨酸激酶抑制剂治疗失败证明', NULL);

-- --------------------------------------------------------

--
-- 表的结构 `czrzh`
--

CREATE TABLE `czrzh` (
  `id` int(100) NOT NULL,
  `jlid` int(100) NOT NULL,
  `rq` varchar(100) NOT NULL,
  `czr` varchar(100) NOT NULL,
  `xq` varchar(100) NOT NULL,
  `bzh` varchar(100) DEFAULT NULL,
  `url` varchar(1000) DEFAULT NULL
) ENGINE=MyISAM DEFAULT CHARSET=utf8;

-- --------------------------------------------------------

--
-- 表的结构 `fayao_cflyinfo`
--

CREATE TABLE `fayao_cflyinfo` (
  `id` int(10) UNSIGNED NOT NULL COMMENT '自增id',
  `hzhid` int(10) NOT NULL COMMENT '患者id',
  `tjzname` varchar(255) NOT NULL DEFAULT '' COMMENT '添加者',
  `tjdwname` varchar(255) NOT NULL COMMENT '添加医院',
  `yfyl` varchar(255) NOT NULL COMMENT '用法用量',
  `ypph` varchar(255) NOT NULL COMMENT '药品批号',
  `xclysj` varchar(255) NOT NULL COMMENT '下次领药时间',
  `create_time` varchar(255) NOT NULL COMMENT '创建时间',
  `hzhlylx` varchar(255) DEFAULT '',
  `hzhlyshl` varchar(255) DEFAULT '',
  `hszgyyhs` int(11) DEFAULT '0',
  `hsyzypyhs` int(11) DEFAULT '0'
) ENGINE=InnoDB DEFAULT CHARSET=utf8;

--
-- 转存表中的数据 `fayao_cflyinfo`
--

INSERT INTO `fayao_cflyinfo` (`id`, `hzhid`, `tjzname`, `tjdwname`, `yfyl`, `ypph`, `xclysj`, `create_time`, `hzhlylx`, `hzhlyshl`, `hszgyyhs`, `hsyzypyhs`) VALUES
(1, 2, '系统管理员', '天津国大药房连锁有限公司渤海店', '1', '', '2016-05-30', '2016-05-09', '1', '2', 0, 0),
(2, 0, '', '', '', '', '', '2016-05-12', '', '', 0, 0),
(3, 9, '丁娴', '南京医药药事服务有限公司第一药店', '1', '', '2016-06-05', '2016-05-15', '1', '2', 0, 0),
(4, 10, '黄岩', '青岛惠友大药房有限责任公司', '1', '', '2016-06-06', '2016-05-16', '1', '2', 0, 0),
(5, 12, '郝智敏', '北京国大药房连锁有限公司永定门连锁店', '1', '未知批号', '2016-06-28', '2016-06-07', '1', '2', 10, 2),
(6, 12, '郝智敏', '北京国大药房连锁有限公司永定门连锁店', '1', '未知批号', '2016-06-28', '2016-06-07', '1', '2', 10, 2),
(7, 12, '郝智敏', '北京国大药房连锁有限公司永定门连锁店', '1', '未知批号', '2016-07-03', '2016-06-12', '1', '2', 10, 2),
(8, 12, '郝智敏', '北京国大药房连锁有限公司永定门连锁店', '1', '未知批号', '2016-07-04', '2016-06-13', '1', '2', 10, 2),
(9, 12, '郝智敏', '北京国大药房连锁有限公司永定门连锁店', '1', 'M07632', '2016-07-13', '2016-06-22', '1', '2', 10, 2),
(10, 12, '系统管理员', '北京国大药房连锁有限公司永定门连锁店', '1', '未知批号', '2016-08-15', '2016-07-18', '1', '2', 0, 2),
(11, 15, '系统管理员', '北京国大药房连锁有限公司永定门连锁店', '1', '未知批号', '2016-08-08', '2016-07-18', '1', '2', 4, 2),
(12, 12, '系统管理员', '北京国大药房连锁有限公司永定门连锁店', '', '未知批号', '2016-08-15', '2016-07-18', '', '', 0, 0),
(13, 17, '郝智敏', '北京国大药房连锁有限公司永定门连锁店', '1', '未知批号', '2016-08-14', '2016-07-24', '1', '2', 10, 2),
(14, 12, '系统管理员', '北京国大药房连锁有限公司永定门连锁店', '1', 'M38956', '2016-08-30', '2016-08-02', '1', '2', 0, 2),
(15, 12, '郝智敏', '北京国大药房连锁有限公司永定门连锁店', '1', 'M07632', '2016-09-02', '2016-08-05', '1', '2', 0, 2),
(16, 12, '系统管理员', '北京国大药房连锁有限公司永定门连锁店', '1', 'M38956', '2016-09-02', '2016-08-05', '1', '2', 0, 2),
(17, 21, '黄岩', '青岛惠友大药房有限责任公司', '1', 'M07632', '2016-08-26', '2016-08-05', '1', '2', 10, 2),
(18, 9, '系统管理员', '南京医药药事服务有限公司第一药店', '1', 'M07632', '2016-09-06', '2016-08-09', '1', '2', 0, 2),
(19, 15, '系统管理员', '北京国大药房连锁有限公司永定门连锁店', '2', 'M38954', '2016-09-08', '2016-08-11', '2', '12', 0, 12),
(20, 12, '郝智敏', '北京国大药房连锁有限公司永定门连锁店', '1', 'M07632', '2016-09-08', '2016-08-11', '1', '2', 0, 2),
(21, 21, '黄岩', '青岛惠友大药房有限责任公司', '1', 'M07632', '2016-09-08', '2016-08-11', '1', '2', 0, 2),
(22, 22, '黄岩', '青岛惠友大药房有限责任公司', '1', 'M07632', '2016-09-01', '2016-08-11', '1', '2', 10, 2),
(23, 23, '黄岩', '青岛惠友大药房有限责任公司', '1', 'M07632', '2016-09-01', '2016-08-11', '1', '2', 10, 2);

-- --------------------------------------------------------

--
-- 表的结构 `fayao_patxdinfo`
--

CREATE TABLE `fayao_patxdinfo` (
  `id` int(10) UNSIGNED NOT NULL COMMENT '自增id',
  `hzhid` int(10) UNSIGNED NOT NULL DEFAULT '0' COMMENT '患者id',
  `patsfz` varchar(255) NOT NULL DEFAULT '' COMMENT '患者身份证-是否打勾',
  `zgykyp` varchar(255) NOT NULL DEFAULT '' COMMENT '自购药空药瓶-是否打勾',
  `yhsyp` varchar(255) NOT NULL DEFAULT '' COMMENT '应回收自购药瓶数',
  `shsyp` varchar(255) NOT NULL DEFAULT '' COMMENT '实回收自购药瓶数',
  `jcbg` varchar(255) NOT NULL DEFAULT '' COMMENT '检查报告单-影像是否打勾',
  `jcbgd` varchar(255) NOT NULL DEFAULT '' COMMENT '检查报告单选项',
  `jctime` varchar(255) NOT NULL DEFAULT '',
  `yxtjsfb` varchar(255) NOT NULL DEFAULT '' COMMENT '医学条件随访表是否打勾',
  `cfj` varchar(255) NOT NULL DEFAULT '' COMMENT '处方笺是否打勾',
  `tjzname` varchar(255) NOT NULL DEFAULT '' COMMENT '谁添加的',
  `tjdwname` varchar(255) NOT NULL DEFAULT '' COMMENT '哪家药房添加的',
  `create_time` varchar(255) NOT NULL DEFAULT '' COMMENT '创建时间'
) ENGINE=InnoDB DEFAULT CHARSET=utf8 COMMENT='发药信息-患者所需携带资料';

--
-- 转存表中的数据 `fayao_patxdinfo`
--

INSERT INTO `fayao_patxdinfo` (`id`, `hzhid`, `patsfz`, `zgykyp`, `yhsyp`, `shsyp`, `jcbg`, `jcbgd`, `jctime`, `yxtjsfb`, `cfj`, `tjzname`, `tjdwname`, `create_time`) VALUES
(1, 2, '', '', '0', '', '', ',,,', '', '', '', '系统管理员', '天津国大药房连锁有限公司渤海店', '2016-05-09'),
(2, 0, '', '', '0', '', '', ',,,', '', '', '', '', '', ''),
(3, 9, '', '', '0', '', '', ',,,', '', '', '', '丁娴', '南京医药药事服务有限公司第一药店', ''),
(4, 10, '', '', '0', '', '', ',,,', '', '', '', '黄岩', '青岛惠友大药房有限责任公司', '2016-05-16'),
(5, 12, '', '', '0', '', '', ',,,', '', '', '', '郝智敏', '北京国大药房连锁有限公司永定门连锁店', '2016-06-07'),
(6, 12, '', '', '0', '', '', ',,,', '', '', '', '郝智敏', '北京国大药房连锁有限公司永定门连锁店', '2016-06-07'),
(7, 12, '', '', '0', '', '', ',,,', '', '', '', '郝智敏', '北京国大药房连锁有限公司永定门连锁店', '2016-06-12'),
(8, 12, '', '', '0', '', '', ',,,', '', '', '', '郝智敏', '北京国大药房连锁有限公司永定门连锁店', '2016-06-13'),
(9, 12, '', '', '0', '', '', ',,,', '', '', '', '郝智敏', '北京国大药房连锁有限公司永定门连锁店', '2016-06-22'),
(10, 12, '', '', '0', '', '', ',,,', '', '', '', '系统管理员', '北京国大药房连锁有限公司永定门连锁店', '2016-07-18'),
(11, 15, '', '', '0', '', '', ',,,', '', '', '', '系统管理员', '北京国大药房连锁有限公司永定门连锁店', '2016-07-18'),
(12, 12, '', '', '0', '', '', ',,,', '', '', '', '系统管理员', '北京国大药房连锁有限公司永定门连锁店', '2016-07-18'),
(13, 17, '', '', '0', '', '', ',,,', '', '', '', '郝智敏', '北京国大药房连锁有限公司永定门连锁店', '2016-07-24'),
(14, 12, '', '', '0', '', '', ',,,', '', '', '', '系统管理员', '北京国大药房连锁有限公司永定门连锁店', '2016-08-02'),
(15, 12, '', '', '0', '', '', ',,,', '', '', '', '郝智敏', '北京国大药房连锁有限公司永定门连锁店', '2016-08-05'),
(16, 12, '', '', '0', '', '', ',,,', '', '', '', '系统管理员', '北京国大药房连锁有限公司永定门连锁店', '2016-08-05'),
(17, 21, '', '', '0', '', '', ',,,', '', '', '', '黄岩', '青岛惠友大药房有限责任公司', '2016-08-05'),
(18, 9, '', '', '0', '', '', ',,,', '', '', '', '系统管理员', '南京医药药事服务有限公司第一药店', '2016-08-09'),
(19, 15, '', '', '0', '', '', ',,,', '', '', '', '系统管理员', '北京国大药房连锁有限公司永定门连锁店', '2016-08-11'),
(20, 12, '', '', '0', '', '', ',,,', '', '', '', '郝智敏', '北京国大药房连锁有限公司永定门连锁店', '2016-08-11'),
(21, 21, '', '', '0', '', '', ',,,', '', '', '', '黄岩', '青岛惠友大药房有限责任公司', '2016-08-11'),
(22, 22, '', '', '0', '', '', ',,,', '', '', '', '黄岩', '青岛惠友大药房有限责任公司', '2016-08-11'),
(23, 23, '', '', '0', '', '', ',,,', '', '', '', '黄岩', '青岛惠友大药房有限责任公司', '2016-08-11');

-- --------------------------------------------------------

--
-- 表的结构 `fayao_patyxpg`
--

CREATE TABLE `fayao_patyxpg` (
  `id` int(10) UNSIGNED NOT NULL COMMENT '自增id',
  `hzhid` int(10) UNSIGNED NOT NULL DEFAULT '0' COMMENT '患者id',
  `tjzname` varchar(255) NOT NULL DEFAULT '' COMMENT '添加者',
  `tjdwname` varchar(255) NOT NULL DEFAULT '' COMMENT '添加医院name',
  `syjc` varchar(255) NOT NULL DEFAULT '' COMMENT '是否进行实验室检查（血常规、尿常规、生化检查）',
  `sfjxjc` varchar(255) NOT NULL DEFAULT '' COMMENT '是否进行影像学检查',
  `bcsfpg` varchar(255) NOT NULL DEFAULT '' COMMENT '本次随访RECIST评估',
  `sjjxsyyld` varchar(255) NOT NULL DEFAULT '' COMMENT '是否建议继续服用英立达',
  `yxpg` varchar(255) DEFAULT '',
  `jshrhsf` varchar(255) DEFAULT '',
  `create_time` varchar(255) NOT NULL DEFAULT '' COMMENT '创建时间',
  `yxpg_time` varchar(255) DEFAULT '',
  `aqxpg_time` varchar(255) DEFAULT '',
  `recistpg_time` varchar(50) DEFAULT NULL
) ENGINE=InnoDB DEFAULT CHARSET=utf8 COMMENT='发药信息-患者医学条件评估';

--
-- 转存表中的数据 `fayao_patyxpg`
--

INSERT INTO `fayao_patyxpg` (`id`, `hzhid`, `tjzname`, `tjdwname`, `syjc`, `sfjxjc`, `bcsfpg`, `sjjxsyyld`, `yxpg`, `jshrhsf`, `create_time`, `yxpg_time`, `aqxpg_time`, `recistpg_time`) VALUES
(1, 2, '系统管理员', '天津国大药房连锁有限公司渤海店', '1', '', '', '', '', '', '2016-05-09', '', '2016-05-09', NULL),
(2, 0, '', '', '1', '', '', '', '', '', '', '', '', NULL),
(3, 9, '丁娴', '南京医药药事服务有限公司第一药店', '1', '', '', '', '', '', '', '', '2016-05-15', NULL),
(4, 10, '黄岩', '青岛惠友大药房有限责任公司', '1', '', '', '', '', '', '2016-05-16', '', '2016-05-16', NULL),
(5, 12, '郝智敏', '北京国大药房连锁有限公司永定门连锁店', '1', '', '', '', '', '', '2016-06-07', '', '', '2016-06-07'),
(6, 12, '郝智敏', '北京国大药房连锁有限公司永定门连锁店', '1', '', '', '', '', '', '2016-06-07', '', '', '2016-06-07'),
(7, 12, '郝智敏', '北京国大药房连锁有限公司永定门连锁店', '1', '', '', '', '', '', '2016-06-12', '', '', '2016-06-12'),
(8, 12, '郝智敏', '北京国大药房连锁有限公司永定门连锁店', '1', '', '', '', '', '', '2016-06-13', '', '', '2016-06-13'),
(9, 12, '郝智敏', '北京国大药房连锁有限公司永定门连锁店', '1', '', '', '', '', '', '2016-06-22', '', '', ''),
(10, 12, '系统管理员', '北京国大药房连锁有限公司永定门连锁店', '1', '', '', '', '', '', '2016-07-18', '', '', ''),
(11, 15, '系统管理员', '北京国大药房连锁有限公司永定门连锁店', '1', '', '', '', '', '', '2016-07-18', '', '', ''),
(12, 12, '系统管理员', '北京国大药房连锁有限公司永定门连锁店', '1', '', '', '', '', '', '2016-07-18', '', '', '2016-07-18'),
(13, 17, '郝智敏', '北京国大药房连锁有限公司永定门连锁店', '1', '', '', '', '', '', '2016-07-24', '', '', ''),
(14, 12, '系统管理员', '北京国大药房连锁有限公司永定门连锁店', '1', '', '', '', '', '', '2016-08-02', '', '', ''),
(15, 12, '郝智敏', '北京国大药房连锁有限公司永定门连锁店', '1', '', '', '', '', '', '2016-08-05', '', '', ''),
(16, 12, '系统管理员', '北京国大药房连锁有限公司永定门连锁店', '1', '', '', '', '', '', '2016-08-05', '', '', '2016-08-05'),
(17, 21, '黄岩', '青岛惠友大药房有限责任公司', '1', '', '', '', '', '', '2016-08-05', '', '', ''),
(18, 9, '系统管理员', '南京医药药事服务有限公司第一药店', '1', '', '', '', '', '', '2016-08-09', '', '', ''),
(19, 15, '系统管理员', '北京国大药房连锁有限公司永定门连锁店', '1', '', '', '', '', '', '2016-08-11', '', '', ''),
(20, 12, '郝智敏', '北京国大药房连锁有限公司永定门连锁店', '1', '', '', '', '', '', '2016-08-11', '', '', ''),
(21, 21, '黄岩', '青岛惠友大药房有限责任公司', '1', '', '', '', '', '', '2016-08-11', '', '', ''),
(22, 22, '黄岩', '青岛惠友大药房有限责任公司', '1', '', '', '', '', '', '2016-08-11', '', '', ''),
(23, 23, '黄岩', '青岛惠友大药房有限责任公司', '1', '', '', '', '', '', '2016-08-11', '', '', '');

-- --------------------------------------------------------

--
-- 表的结构 `fyzhl`
--

CREATE TABLE `fyzhl` (
  `id` int(100) NOT NULL,
  `yshid` int(100) NOT NULL,
  `jshyf` varchar(100) NOT NULL,
  `jshshl` varchar(100) NOT NULL,
  `shqrq` varchar(100) NOT NULL,
  `czr` varchar(100) NOT NULL,
  `shhrq` varchar(100) NOT NULL,
  `shhr` varchar(100) NOT NULL,
  `shqzht` varchar(100) NOT NULL,
  `ypph` varchar(100) NOT NULL
) ENGINE=MyISAM DEFAULT CHARSET=utf8;

-- --------------------------------------------------------

--
-- 表的结构 `gdkphsh`
--

CREATE TABLE `gdkphsh` (
  `id` int(11) NOT NULL,
  `yshxm` varchar(100) NOT NULL,
  `fshrq` varchar(100) NOT NULL,
  `xhrq` varchar(100) DEFAULT NULL,
  `czr` varchar(100) DEFAULT NULL,
  `shl` varchar(100) NOT NULL,
  `zht` varchar(100) NOT NULL,
  `yfmch` varchar(100) DEFAULT NULL
) ENGINE=MyISAM DEFAULT CHARSET=utf8;

--
-- 转存表中的数据 `gdkphsh`
--

INSERT INTO `gdkphsh` (`id`, `yshxm`, `fshrq`, `xhrq`, `czr`, `shl`, `zht`, `yfmch`) VALUES
(1, '郝智敏', '2016-06-25', NULL, NULL, '2', '1', '北京国大药房连锁有限公司永定门连锁店'),
(2, '郝智敏', '2016-07-07', NULL, NULL, '1', '1', '北京国大药房连锁有限公司永定门连锁店');

-- --------------------------------------------------------

--
-- 表的结构 `hrfpdj`
--

CREATE TABLE `hrfpdj` (
  `id` int(11) NOT NULL,
  `fph` varchar(100) NOT NULL,
  `yfmch` varchar(100) NOT NULL,
  `yhxx` varchar(100) NOT NULL,
  `fprq` varchar(100) NOT NULL,
  `zht` varchar(100) NOT NULL
) ENGINE=InnoDB DEFAULT CHARSET=utf8;

-- --------------------------------------------------------

--
-- 表的结构 `hzh`
--

CREATE TABLE `hzh` (
  `id` int(100) NOT NULL,
  `shqid` varchar(100) DEFAULT NULL,
  `hzhid` varchar(100) DEFAULT NULL,
  `shqzht` varchar(100) NOT NULL DEFAULT '录入中' COMMENT '审核状态 -审核,审核通过,代办入组,入组,出组,锁定,解锁,停止申请,拒绝',
  `hzhxm` varchar(100) DEFAULT NULL,
  `zhjlx` varchar(100) DEFAULT NULL,
  `zhjhm` varchar(100) DEFAULT NULL,
  `shqbzh` varchar(100) DEFAULT NULL,
  `shhdchshftg` varchar(100) DEFAULT NULL,
  `shqyy` varchar(100) DEFAULT NULL,
  `shhyj` varchar(100) DEFAULT NULL,
  `rzyy` varchar(100) DEFAULT NULL,
  `zhzhyy` varchar(100) DEFAULT NULL,
  `zhzhzhdysh` varchar(100) DEFAULT NULL,
  `hzhtxdzh` varchar(100) DEFAULT NULL,
  `hzhshj` varchar(100) DEFAULT NULL,
  `dylxrdh` varchar(100) DEFAULT NULL,
  `derlxrdh` varchar(100) DEFAULT NULL,
  `zhdlx` varchar(100) DEFAULT NULL,
  `hzhhj` varchar(100) DEFAULT NULL,
  `hzhjtrk` varchar(100) DEFAULT NULL,
  `jtnshr` varchar(100) DEFAULT NULL,
  `rjshr` varchar(100) DEFAULT NULL,
  `cblx` varchar(100) DEFAULT NULL,
  `cbdqsheng` varchar(100) DEFAULT NULL,
  `jzhlx` varchar(100) DEFAULT NULL,
  `mrchzrq` varchar(100) DEFAULT NULL,
  `jzhyp` varchar(100) DEFAULT NULL,
  `ypgg` varchar(100) DEFAULT NULL,
  `ypyl` varchar(100) DEFAULT NULL,
  `shcyyshj` varchar(100) DEFAULT NULL,
  `xmshqbtxrq` varchar(100) DEFAULT NULL,
  `chcshhrq` varchar(100) DEFAULT NULL,
  `dbrzshxshj` varchar(100) DEFAULT NULL,
  `zhshrzshj` varchar(100) DEFAULT NULL,
  `ygshcyyrq` varchar(100) DEFAULT NULL,
  `lyyf` varchar(100) DEFAULT NULL,
  `hzhxb` varchar(100) DEFAULT '',
  `hzhchshrq` varchar(100) DEFAULT NULL,
  `cbdqshi` varchar(100) DEFAULT NULL,
  `cbdqqu` varchar(100) DEFAULT NULL,
  `hzhchzrq` varchar(100) DEFAULT NULL,
  `hzhchzyy` varchar(100) DEFAULT NULL,
  `djrq` varchar(100) DEFAULT NULL,
  `djr` varchar(100) DEFAULT NULL,
  `wshshq` varchar(100) DEFAULT NULL,
  `shhxcl` varchar(100) DEFAULT NULL,
  `jjrq` varchar(100) DEFAULT NULL,
  `tzhrq` varchar(100) DEFAULT NULL,
  `jjxxshm` text,
  `erqshq` varchar(100) DEFAULT NULL,
  `dslxrdh` varchar(100) DEFAULT NULL,
  `hzhnshr` varchar(100) DEFAULT NULL,
  `yxyaoname` varchar(100) DEFAULT '' COMMENT '一线药品名称',
  `chiguonum` varchar(100) DEFAULT '' COMMENT '服用过的药量',
  `ruzhunum` varchar(100) DEFAULT '' COMMENT '入组编码',
  `shfs` varchar(100) DEFAULT '' COMMENT '协管员审核方式',
  `bikaos` varchar(100) DEFAULT '' COMMENT '协管员未答复或延迟答复的原因',
  `shenhetime` varchar(100) DEFAULT '' COMMENT '协管员核实时间',
  `dylxrxm` varchar(100) DEFAULT NULL,
  `dylxrgx` varchar(100) DEFAULT NULL,
  `derlxrxm` varchar(100) DEFAULT NULL,
  `derlxrgx` varchar(100) DEFAULT NULL,
  `dslxrxm` varchar(100) DEFAULT NULL,
  `dslxrgx` varchar(100) DEFAULT NULL
) ENGINE=MyISAM DEFAULT CHARSET=utf8 COMMENT='患者新增申请(包括患者自己添加的和医生添加的)';

--
-- 转存表中的数据 `hzh`
--

INSERT INTO `hzh` (`id`, `shqid`, `hzhid`, `shqzht`, `hzhxm`, `zhjlx`, `zhjhm`, `shqbzh`, `shhdchshftg`, `shqyy`, `shhyj`, `rzyy`, `zhzhyy`, `zhzhzhdysh`, `hzhtxdzh`, `hzhshj`, `dylxrdh`, `derlxrdh`, `zhdlx`, `hzhhj`, `hzhjtrk`, `jtnshr`, `rjshr`, `cblx`, `cbdqsheng`, `jzhlx`, `mrchzrq`, `jzhyp`, `ypgg`, `ypyl`, `shcyyshj`, `xmshqbtxrq`, `chcshhrq`, `dbrzshxshj`, `zhshrzshj`, `ygshcyyrq`, `lyyf`, `hzhxb`, `hzhchshrq`, `cbdqshi`, `cbdqqu`, `hzhchzrq`, `hzhchzyy`, `djrq`, `djr`, `wshshq`, `shhxcl`, `jjrq`, `tzhrq`, `jjxxshm`, `erqshq`, `dslxrdh`, `hzhnshr`, `yxyaoname`, `chiguonum`, `ruzhunum`, `shfs`, `bikaos`, `shenhetime`, `dylxrxm`, `dylxrgx`, `derlxrxm`, `derlxrgx`, `dslxrxm`, `dslxrgx`) VALUES
(1, NULL, '00002', '待办入组', '秦巍', '身份证', '232126197107160174', 'RCC', NULL, '1', NULL, NULL, NULL, NULL, '天津市南开区花园路壁华里21-3-402', '13820560868', '13920220071', '15022025398', '', '非农业户口', '3', '61735', '20578.33', '无', '', '1+1+1', NULL, NULL, '', ',', NULL, NULL, '2016-04-13', NULL, '2016-04-08', '2016-04-08', '天津国大药房连锁有限公司渤海店', '男', '1971-07-16', '', '', NULL, NULL, '2016-04-13', '系统管理员', '0', '0', NULL, NULL, NULL, '', '', '', '', '', '', '', '', '', NULL, NULL, NULL, NULL, NULL, NULL),
(2, NULL, '', '入组', '武俊峰', '身份证', '231027196302056810', 'RCC', NULL, '1', NULL, '1', NULL, NULL, '天津市西青区杨柳青镇柳兰花苑15号楼2门301', '18920113156', '18920552916', '', '', '非农业户口', '2', '28200', '14100', '无', '', '1+1+1', NULL, NULL, '12.5mg', 'Qid,2/4', '', '', '2016-04-13', NULL, '2016-04-13', '2016-04-13', '天津国大药房连锁有限公司渤海店', '男', '1963-02-05', '', '', NULL, NULL, '2016-04-13', '系统管理员', '0', '0', NULL, NULL, NULL, '', '', '', '索坦', '', '4209', '', '', '', NULL, NULL, NULL, NULL, NULL, NULL),
(3, NULL, NULL, '审核', '孙英顕', '身份证', '120106195507282515', 'RCC', NULL, '1', NULL, NULL, NULL, NULL, '天津市红桥区复兴路米兰弘丽园1-8-202号', '13516125347', '18920138787', '15522909157', '', '非农业户口', '3', '118739', '39579.666666666664', '无', '', '1+1+1', NULL, NULL, '', ',', '', '', '2016-04-13', NULL, NULL, '', '天津国大药房连锁有限公司渤海店', '男', '1955-07-28', '', '', NULL, NULL, '', '系统管理员', '0', NULL, NULL, NULL, NULL, '', '', '', '索坦', '', '5707', '', '', '', '温希俊', '配偶', '孙建鑫', '女儿', '', ''),
(4, NULL, '', '入组', '张蕾', '身份证', '230203198902260223', 'RCC', NULL, '2', NULL, '2', NULL, NULL, '黑龙江省齐齐哈尔市建华区北斗小区', '13946292916', '15845652784', '13946292916', '', '非农业户口', '3', '33000', '11000', '无', '', '1+1+1', NULL, NULL, '', ',', '', '', '2016-04-20', NULL, '2016-04-20', '', '哈药集团医药有限公司新药特药商店', '女', '1989-02-26', '', '', NULL, NULL, '2015-12-28', '系统管理员', '0', '0', NULL, NULL, NULL, '', '无', '', '索坦', '12', '4318', '', '', '', '张晓平', '父亲', '罗桂莲', '母亲', '无', '无'),
(5, NULL, '00003', '入组', '刘振章', '身份证', '232602194805261012', 'RCC', NULL, '3', NULL, '3', NULL, NULL, '山东省青岛市崂山区深圳路178号4号楼1单元502户', '13704563220', '18660259070', '18940091085', '', '非农业户口', '4', '215030', '53757.5', '无', '', '1+1+1', NULL, NULL, '', ',', '', '', '2016-04-27', NULL, '2016-04-27', '', '青岛惠友大药房有限责任公司', '男', '1948-05-26', '', '', NULL, NULL, '2015-12-29', '系统管理员', '0', '0', NULL, NULL, NULL, '', '18940091085', '', '索坦', '12', '6791', '', '', '', '刘雪峰', '女儿', '刘冀伟', '女儿', '冀桂珍', '配偶'),
(6, NULL, '00004', '入组', '孟广平', '身份证', '410203194609042038', 'RCC', NULL, '4', NULL, '4', '2', NULL, '河南省开封市金明区金明西街康禧苑3号楼2单元102号', '18100332329', '13613820642', '13603785110', '', '非农业户口', '1', '2222', '2222', '无', '', '1+1+1', NULL, NULL, '', ',', '', '', '2016-04-27', NULL, '2016-04-27', '', '', '男', '1946-09-04', '', '', NULL, NULL, '2016-01-27', '系统管理员', '0', '0', NULL, NULL, NULL, '', '无', '', '索坦', '1', '', '', '', '', '孟静华', '女儿', '孟海涛', '儿子', '无', '无'),
(7, NULL, NULL, '审核', '雷厉锋', '身份证', '360203197110102010', 'RCC', NULL, '5', NULL, NULL, NULL, NULL, '江西省景德镇市昌江区捆牛山黎明制药厂宿舍1栋105室', '13879820098', '13879803808', '13030504978', '', '非农业户口', '1', '75738', '75738', '无', '', '1+1+1', NULL, NULL, '', ',', '', '', '2016-05-04', NULL, NULL, '', '南京医药药事服务有限公司第一药店', '男', '1971-10-10', '', '', NULL, NULL, '2016-04-06', '系统管理员', '0', NULL, NULL, NULL, NULL, '', '18179808815', '', '多吉美', '', '', '', '', '', '周政群', '配偶', '雷金贵', '父亲', '付庆华', '母亲'),
(8, NULL, NULL, '审核', '张三', '身份证', '522635198708184662', 'RCC', NULL, '8', NULL, NULL, NULL, NULL, '江苏省南京市白下区发送到发送到51513', '14844558877', '13344556677', '13344556688', '', '非农业户口', '4', '140230', '35057.5', '无', '', '1+1+1', NULL, NULL, '', ',', '', '', '2016-05-09', NULL, NULL, '', '南京医药药事服务有限公司第一药店', '女', '1987-08-18', '', '', NULL, NULL, '2016-05-01', '系统管理员', '0', NULL, NULL, NULL, NULL, '', '13344556699', '', '多吉美', '', '', '', '', '', '大二字', '儿子', '配瓯', '配偶', '女二', '女儿'),
(9, NULL, '00005', '入组', '唐秀颖', '身份证', '511702197409284963', 'RCC', NULL, '8', NULL, '8', NULL, NULL, '江苏省南京市玄武区的发送到342水电费', '13528587889', '13322558877', '13322558888', '', '非农业户口', '3', '36445', '12148.33', '无', '', '1+1+1', NULL, NULL, '', ',', NULL, NULL, '2016-05-09', NULL, '2016-05-12', '2016-05-12', '南京医药药事服务有限公司第一药店', '女', '1974-09-28', '', '', NULL, NULL, '2016-05-01', '系统管理员', '0', '0', NULL, NULL, NULL, '', '', '', '多吉美', '', '', '', '', '', '卜雅艳', '母亲', '傅慧巧', '女儿', '', ''),
(10, NULL, '00006', '入组', '黄晓明', '身份证', '330726196507040016', 'RCC', NULL, '3', NULL, '3', NULL, NULL, '山东省青岛市市南区拉束带结发1518', '13312341234', '13312341235', '13312341236', '', '非农业户口', '4', '30000', '7500', '无', '', '1+1+1', NULL, NULL, '', ',', NULL, NULL, '2016-05-16', NULL, '2016-05-16', '2016-05-16', '青岛惠友大药房有限责任公司', '男', '1965-07-04', '', '', NULL, NULL, '2016-05-01', '系统管理员', '0', '0', NULL, NULL, NULL, '', '13312341237', '', '索坦', '3', '', '', '', '', '陶君华', '儿子', '章根华', '配偶', '章广伟', '女儿'),
(11, NULL, '00007', '入组', '张锦华', '身份证', '320106195102022835', 'RCC', NULL, '6', NULL, '6', NULL, NULL, '江苏省南京市鼓楼区清凉门大街68号7幢17号901', '13951919275', '13905178447', '13770761088', '', '非农业户口', '3', '85200', '28400', '无', '', '1+1+1', NULL, NULL, '', ',', NULL, NULL, '2016-06-07', NULL, '2016-06-07', '2016-06-07', '', '男', '1951-02-02', '', '', NULL, NULL, '2016-06-01', '系统管理员', '0', '0', NULL, NULL, NULL, '', '18603211095', '', '索坦', '1', '4824', '', '', '', '刘俐', '配偶', '张轩', '儿子', '张锦贵', '其他关系'),
(12, NULL, '00008', '入组', '邹欣然', '身份证', '430626196408240061', 'RCC', NULL, '9', NULL, '9', NULL, NULL, '湖南省岳阳市平江县平江县民政局', '13874006808', '13974008808', '15652360581', '', '非农业户口', '4', '57000', '14250', '无', '', '1+1+1', NULL, NULL, '', ',', NULL, NULL, '2016-06-07', NULL, '2016-06-07', '2016-06-07', '北京国大药房连锁有限公司永定门连锁店', '女', '1964-08-24', '', '', NULL, NULL, '2016-01-13', '系统管理员', '0', '0', NULL, NULL, NULL, '', '无', '', '多吉美', '', '', '', '', '', '欧阳蒲清', '配偶', '欧阳帅捷', '儿子', '方檀兮', '母亲'),
(13, NULL, NULL, '审核', '李文斌', '身份证', '152101196512090630', 'RCC', NULL, '10', NULL, NULL, NULL, NULL, '内蒙古呼伦贝尔市海拉尔区巴彦托海路173号海拉尔区动物卫生监督所', '13604701158', '13947044111', '', '', '非农业户口', '3', '83160', '27720', '无', '', '1+1+1', NULL, NULL, '', ',', NULL, NULL, '2016-06-22', NULL, NULL, NULL, '北京国大药房连锁有限公司永定门连锁店', '男', '1965-12-09', '', '', NULL, NULL, '', '系统管理员', '0', NULL, NULL, NULL, NULL, '', '', '', '索坦', '1', '', '', '', '', '赵银鸽', '配偶', '', '', '', ''),
(14, NULL, NULL, '审核', '康浩伟', '身份证', '130203198701261226', 'RCC', NULL, '10', NULL, NULL, NULL, NULL, '河北省唐山市丰润区福润春城7号楼2门202号', '15030560150', '15933257587', '15176711212', '', '非农业户口', '5', '36000', '7200', '无', '', '1+1+1', NULL, NULL, '', ',', NULL, NULL, '2016-06-22', NULL, NULL, NULL, '北京国大药房连锁有限公司永定门连锁店', '女', '1987-01-26', '', '', NULL, NULL, '', '系统管理员', '0', NULL, NULL, NULL, NULL, '', '13231538101', '', '索坦', '2', '', '', '', '', '刘阳', '配偶', '康永跃', '父亲', '张春花', '母亲'),
(15, NULL, '00009', '入组', '刘祖全', '身份证', '512501197203035172', 'RCC', NULL, '10', NULL, '10', NULL, NULL, '北京市崇文区日狗大法根深蒂固', '18614474774', '13712345678', '13712345673', '', '非农业户口', '4', '49000', '12250', '无', '', '1+1+1', NULL, NULL, '', ',', NULL, NULL, '2016-06-25', NULL, '2016-06-25', '2016-06-25', '北京国大药房连锁有限公司永定门连锁店', '男', '1972-03-03', '', '', NULL, NULL, '2016-06-24', '系统管理员', '0', '0', NULL, NULL, NULL, '', '13712345673', '', '多吉美', '', '', '', '', '', '张三', '父亲', '李四', '母亲', '王五', '儿子'),
(16, NULL, NULL, '审核', '董学闯', '身份证', '340822196611182411', 'RCC', NULL, '10', NULL, NULL, NULL, NULL, '天津市河东区的示范方是打发圣诞', '13795842788', '13568772625', '17730288009', '', '非农业户口', '3', '30000', '10000', '无', '', '1+1+1', NULL, NULL, '', ',', NULL, NULL, '2016-07-21', NULL, NULL, NULL, '北京国大药房连锁有限公司永定门连锁店', '男', '1966-11-18', '', '', NULL, NULL, '', '系统管理员', '0', NULL, NULL, NULL, NULL, '', '', '', '索坦', '1', '', '', '', '', '操银满', '配偶', '董超超', '儿子', '', ''),
(17, NULL, '00010', '入组', '多少分', '身份证', '140104195904084118', 'RCC', NULL, '10', NULL, '10', NULL, NULL, '北京市东城区第三个', '13803438618', '13935106107', '13909112371', '', '非农业户口', '3', '18000', '6000', '无', '', '1+1+1', NULL, NULL, '', ',', NULL, NULL, '2016-07-24', NULL, '2016-07-24', '2016-07-24', '北京国大药房连锁有限公司永定门连锁店', '男', '1959-04-08', '', '', NULL, NULL, '2016-07-01', '系统管理员', '0', '0', NULL, NULL, NULL, '', '', '', '多吉美', '', '', '', '', '', '老弟', '配偶', '阿斯蒂芬', '父亲', '', ''),
(18, NULL, NULL, '审核', '随访的', '身份证', '410123195804101210', 'RCC', NULL, '10', NULL, NULL, NULL, NULL, '上海市卢湾区上的地方改', '13703903059', '037162632358', '037162632358', '', '非农业户口', '3', '4100', '1366.67', '无', '', '1+1+1', NULL, NULL, '', ',', NULL, NULL, '2016-07-26', NULL, NULL, NULL, '北京国大药房连锁有限公司永定门连锁店', '男', '1958-04-10', '', '', NULL, NULL, '', '系统管理员', '0', NULL, NULL, NULL, NULL, '', '', '', '索坦', '1', '', '', '', '', '大哥', '配偶', '里都是', '父亲', '', ''),
(19, NULL, NULL, '审核', '杨振刚', '身份证', '130802197102120212', 'RCC', NULL, '9', NULL, NULL, NULL, NULL, '北京市东城区很好的', '13383641602', '13832401922', '', '', '非农业户口', '2', '6000', '3000', '无', '', '1+1+1', NULL, NULL, '', ',', NULL, NULL, '2016-07-26', NULL, NULL, NULL, '北京国大药房连锁有限公司永定门连锁店', '男', '1971-02-12', '', '', NULL, NULL, '', '系统管理员', '0', NULL, NULL, NULL, NULL, '', '', '', '索坦', '1', '', '', '', '', '杨振刚', '配偶', '', '', '', ''),
(20, NULL, '00015', '入组', '万火贵', '身份证', '360622196006023941', 'RCC', NULL, '9', NULL, '9', NULL, NULL, '上海市卢湾区卢浮宫', '18797804277', '13603147436', '18214912082', '', '非农业户口', '3', '15000', '5000', '无', '', '1+1+1', NULL, NULL, '', ',', NULL, NULL, '2016-07-26', NULL, '2016-08-11', '2016-08-11', '北京国大药房连锁有限公司永定门连锁店', '女', '1960-06-02', '', '', NULL, NULL, '2016-08-11', '系统管理员', '0', '0', NULL, NULL, NULL, '', '', '', '多吉美', '', '', '', '', '', '艾美燕', '女儿', '艾海燕', '女儿', '', ''),
(21, NULL, '00011', '入组', '杨向东', '身份证', '330422196805150019', 'RCC', NULL, '3', NULL, '3', NULL, NULL, '山西省朔州市山阴县工会经费', '15157306876', '13511383874', '', '', '非农业户口', '3', '20000', '6666.67', '无', '', '1+1+1', NULL, NULL, '', ',', NULL, NULL, '2016-08-05', NULL, '2016-08-05', '2016-08-05', '青岛惠友大药房有限责任公司', '男', '1968-05-15', '', '', NULL, NULL, '2016-08-05', '系统管理员', '0', '0', NULL, NULL, NULL, '', '', '', '多吉美', '', '', '', '', '', '冯美华', '配偶', '', '', '', ''),
(22, NULL, '00012', '入组', '哈利路亚', '身份证', '370205197405213513', 'RCC', NULL, '3', NULL, '3', NULL, NULL, '上海市卢湾区阿斯顿发个梵蒂冈', '13888577878', '1555555555', '', '', '非农业户口', '2', '100000', '50000', '无', '', '1+1+1', NULL, NULL, '', ',', NULL, NULL, '2016-08-11', NULL, '2016-08-11', '2016-08-11', '青岛惠友大药房有限责任公司', '男', '1974-05-21', '', '', NULL, NULL, '2016-08-10', '系统管理员', '0', '0', NULL, NULL, NULL, '', '', '', '多吉美', '', '', '', '', '', '李四', '配偶', '', '', '', ''),
(23, NULL, '00013', '入组', '你好', '身份证', '210421198403162020', 'RCC', NULL, '3', NULL, '3', NULL, NULL, '北京市西城区科技', '13012345678', '13012345678', '13112345678', '', '非农业户口', '2', '3000', '1500', '无', '', '1+1+1', NULL, NULL, '', ',', NULL, NULL, '2016-08-11', NULL, '2016-08-11', '2016-08-11', '青岛惠友大药房有限责任公司', '女', '1984-03-16', '', '', NULL, NULL, '2016-08-10', '系统管理员', '0', '0', NULL, NULL, NULL, '', '', '', '索坦', '1', '', '', '', '', '你好', '本人', '再见', '配偶', '', ''),
(24, NULL, '00014', '入组', '谢谢', '身份证', '210124198508162281', 'RCC', NULL, '3', NULL, '3', NULL, NULL, '北京市西城区就很舒适的', '13212345678', '13212345678', '13812345678', '', '非农业户口', '2', '30000', '15000', '无', '', '1+1+1', NULL, NULL, '', ',', NULL, NULL, '2016-08-11', NULL, '2016-08-11', '2016-08-11', '青岛惠友大药房有限责任公司', '女', '1985-08-16', '', '', NULL, NULL, '2016-08-09', '李春蕾', '0', '0', NULL, NULL, NULL, '', '', '', '索坦', '5', '', '', '', '', '谢谢', '本人', '不客气', '配偶', '', '');

-- --------------------------------------------------------

--
-- 表的结构 `hzhrz`
--

CREATE TABLE `hzhrz` (
  `id` int(11) NOT NULL,
  `hzhid` varchar(100) NOT NULL
) ENGINE=MyISAM DEFAULT CHARSET=utf8 COMMENT='入组表';

--
-- 转存表中的数据 `hzhrz`
--

INSERT INTO `hzhrz` (`id`, `hzhid`) VALUES
(1, '4'),
(2, '1'),
(3, '5'),
(4, '6'),
(5, '9'),
(6, '10'),
(7, '11'),
(8, '12'),
(9, '15'),
(10, '17'),
(11, '21'),
(12, '22'),
(13, '23'),
(14, '24'),
(15, '20');

-- --------------------------------------------------------

--
-- 表的结构 `kfkc`
--

CREATE TABLE `kfkc` (
  `id` int(100) NOT NULL,
  `yshid` int(100) NOT NULL,
  `dzhny` varchar(100) NOT NULL,
  `pdrq` varchar(100) NOT NULL,
  `pdr` varchar(100) NOT NULL,
  `ypph` varchar(100) NOT NULL,
  `qchkc` varchar(100) NOT NULL,
  `byrk` varchar(100) NOT NULL,
  `bychk` varchar(100) NOT NULL,
  `shjkc` varchar(100) NOT NULL,
  `qmzhmkc` varchar(100) NOT NULL,
  `dqkc` varchar(100) NOT NULL,
  `kr` varchar(100) NOT NULL,
  `fyztsh` varchar(100) NOT NULL,
  `yxzhlwfysh` varchar(100) NOT NULL,
  `wlyjfyl` varchar(100) NOT NULL,
  `anqkctsh` varchar(100) NOT NULL,
  `dxzhlshl` varchar(100) NOT NULL
) ENGINE=MyISAM DEFAULT CHARSET=utf8;

-- --------------------------------------------------------

--
-- 表的结构 `kfkcgl`
--

CREATE TABLE `kfkcgl` (
  `id` int(100) NOT NULL,
  `yshid` int(100) NOT NULL,
  `yfmch` varchar(100) NOT NULL,
  `rkzsh` varchar(100) NOT NULL,
  `chkzsh` varchar(100) NOT NULL,
  `ypph` varchar(100) NOT NULL,
  `shhrq` varchar(100) NOT NULL,
  `rkrq` varchar(100) NOT NULL,
  `rkr` varchar(100) NOT NULL,
  `rkshl` varchar(100) NOT NULL,
  `shhrqi` varchar(100) NOT NULL,
  `shhr` varchar(100) NOT NULL,
  `ypyxq` varchar(100) NOT NULL,
  `zhwm` varchar(100) NOT NULL,
  `ywm` varchar(100) NOT NULL,
  `zht` varchar(100) NOT NULL
) ENGINE=MyISAM DEFAULT CHARSET=utf8;

-- --------------------------------------------------------

--
-- 表的结构 `kfkcpd`
--

CREATE TABLE `kfkcpd` (
  `id` int(11) NOT NULL,
  `dzhny` varchar(100) NOT NULL,
  `pdrq` varchar(100) NOT NULL,
  `pdr` varchar(100) NOT NULL,
  `dwmch` varchar(100) NOT NULL,
  `jlshjch` varchar(100) NOT NULL,
  `islock` int(11) NOT NULL DEFAULT '0'
) ENGINE=MyISAM DEFAULT CHARSET=utf8;

--
-- 转存表中的数据 `kfkcpd`
--

INSERT INTO `kfkcpd` (`id`, `dzhny`, `pdrq`, `pdr`, `dwmch`, `jlshjch`, `islock`) VALUES
(1, '2016-05', '2016-05-16', '9', '南京医药药事服务有限公司第一药店', '1463394994.3119', 1),
(2, '2016-06', '2016-06-25', '10', '北京国大药房连锁有限公司永定门连锁店', '1466831010.4443', 1),
(3, '2016-08', '2016-08-05', '6', '青岛惠友大药房有限责任公司', '1470377969.9532', 1);

-- --------------------------------------------------------

--
-- 表的结构 `kfkcpdmx`
--

CREATE TABLE `kfkcpdmx` (
  `id` int(11) NOT NULL,
  `pdid` varchar(100) NOT NULL,
  `ypph` varchar(100) NOT NULL,
  `qchkc` varchar(100) NOT NULL,
  `byrk` varchar(100) NOT NULL,
  `bychk` varchar(100) NOT NULL,
  `shjkc` varchar(100) NOT NULL,
  `qmzhmkc` varchar(100) DEFAULT NULL,
  `dqkc` varchar(100) DEFAULT NULL,
  `kr` varchar(100) DEFAULT NULL,
  `fyztsh` varchar(100) DEFAULT NULL,
  `yxzhlwfysh` varchar(100) DEFAULT NULL,
  `wlyjfyl` varchar(100) DEFAULT NULL,
  `anqkctsh` varchar(100) DEFAULT NULL,
  `dxzhlshl` varchar(100) DEFAULT NULL,
  `zhtsd` varchar(100) NOT NULL
) ENGINE=MyISAM DEFAULT CHARSET=utf8;

--
-- 转存表中的数据 `kfkcpdmx`
--

INSERT INTO `kfkcpdmx` (`id`, `pdid`, `ypph`, `qchkc`, `byrk`, `bychk`, `shjkc`, `qmzhmkc`, `dqkc`, `kr`, `fyztsh`, `yxzhlwfysh`, `wlyjfyl`, `anqkctsh`, `dxzhlshl`, `zhtsd`) VALUES
(1, '1', 'M38956', '0', '20', '0', '18', NULL, NULL, NULL, NULL, NULL, NULL, NULL, NULL, '1'),
(2, '2', 'M07632', '0', '40', '0', '38', NULL, NULL, NULL, NULL, NULL, NULL, NULL, NULL, '1'),
(3, '2', 'M38956', '0', '20', '0', '20', NULL, NULL, NULL, NULL, NULL, NULL, NULL, NULL, '0'),
(4, '3', 'M07632', '0', '0', '0', '36', NULL, NULL, NULL, NULL, NULL, NULL, NULL, NULL, '1');

-- --------------------------------------------------------

--
-- 表的结构 `kfrk`
--

CREATE TABLE `kfrk` (
  `id` int(21) NOT NULL,
  `ph` varchar(100) DEFAULT NULL,
  `yxrqzh` varchar(100) DEFAULT NULL,
  `zhwmch` varchar(100) DEFAULT NULL,
  `ywmch` varchar(100) DEFAULT NULL,
  `bjdw` varchar(100) DEFAULT NULL,
  `zht` varchar(100) DEFAULT NULL,
  `jpbh` varchar(100) DEFAULT NULL,
  `shchdwchd` varchar(100) DEFAULT NULL,
  `shyrq` varchar(100) DEFAULT NULL,
  `zhczhh` varchar(100) DEFAULT NULL,
  `jymd` varchar(100) DEFAULT NULL,
  `bjshl` varchar(100) DEFAULT NULL,
  `gg` varchar(100) DEFAULT NULL,
  `jxxh` varchar(100) DEFAULT NULL,
  `pjh` varchar(100) DEFAULT NULL,
  `hth` varchar(100) DEFAULT NULL,
  `bzhgg` varchar(100) DEFAULT NULL,
  `jlshjch` varchar(100) DEFAULT NULL
) ENGINE=MyISAM DEFAULT CHARSET=utf8;

--
-- 转存表中的数据 `kfrk`
--

INSERT INTO `kfrk` (`id`, `ph`, `yxrqzh`, `zhwmch`, `ywmch`, `bjdw`, `zht`, `jpbh`, `shchdwchd`, `shyrq`, `zhczhh`, `jymd`, `bjshl`, `gg`, `jxxh`, `pjh`, `hth`, `bzhgg`, `jlshjch`) VALUES
(1, 'M07632', '2018-03-31', '英立达（阿昔替尼）', 'Inlyta (Axitinib)', NULL, '1', NULL, 'Pfizer Manufacturing Deutschland GmbH, Betriebsstatte Freiburg/德国', '2016-04-13', NULL, NULL, '196', '5mg*28片/盒', '片剂', NULL, NULL, NULL, '1460527441.6332'),
(2, 'M38956', '2018-03-31', '英立达（阿昔替尼）', 'Inlyta (Axitinib)', NULL, '1', NULL, 'Pfizer Manufacturing Deutschland GmbH, Betriebsstatte Freiburg/德国', '2016-04-13', NULL, NULL, '2554', '5mg*28片/盒', '片剂', NULL, NULL, NULL, '1460527540.039'),
(3, 'M38954', '2018-04-30', '英立达（阿昔替尼）', 'Inlyta (Axitinib)', NULL, '1', NULL, 'Pfizer Manufacturing Deutschland GmbH, Betriebsstatte Freiburg/德国', '2016-04-13', NULL, NULL, '160', '1mg*14片/盒', '片剂', NULL, NULL, NULL, '1460527565.9768');

-- --------------------------------------------------------

--
-- 表的结构 `kphsh`
--

CREATE TABLE `kphsh` (
  `id` int(100) NOT NULL,
  `hzhid` int(100) NOT NULL,
  `bzh` varchar(100) NOT NULL,
  `shdrq` varchar(100) NOT NULL,
  `jhshl` varchar(100) NOT NULL,
  `jbr` varchar(100) NOT NULL,
  `zht` varchar(100) NOT NULL
) ENGINE=MyISAM DEFAULT CHARSET=utf8;

-- --------------------------------------------------------

--
-- 表的结构 `kpyyhsh`
--

CREATE TABLE `kpyyhsh` (
  `id` int(11) NOT NULL,
  `hzhid` varchar(100) NOT NULL,
  `bzh` varchar(100) NOT NULL,
  `kpjhrq` varchar(100) DEFAULT NULL,
  `kpjhgg` varchar(100) DEFAULT NULL,
  `kpjhshl` varchar(100) DEFAULT NULL,
  `yyjhrq` varchar(100) DEFAULT NULL,
  `yyjhgg` varchar(100) DEFAULT NULL,
  `yyjhshl` varchar(100) DEFAULT NULL,
  `jbr` varchar(100) NOT NULL,
  `zht` varchar(100) NOT NULL
) ENGINE=MyISAM DEFAULT CHARSET=utf8;

-- --------------------------------------------------------

--
-- 表的结构 `manager`
--

CREATE TABLE `manager` (
  `id` int(100) NOT NULL,
  `names` varchar(100) NOT NULL,
  `pwds` varchar(100) NOT NULL,
  `phones` varchar(100) DEFAULT NULL,
  `emails` varchar(100) DEFAULT NULL,
  `adds` varchar(200) DEFAULT NULL,
  `gldw` varchar(100) DEFAULT NULL,
  `yhqxxx` varchar(100) DEFAULT NULL,
  `yhqxdj` varchar(100) DEFAULT NULL,
  `yhyl1` varchar(100) NOT NULL,
  `yhyl2` varchar(100) DEFAULT NULL,
  `yhyl3` varchar(3000) DEFAULT NULL COMMENT '权限细分',
  `yhyl4` varchar(100) DEFAULT NULL,
  `yhyl5` varchar(100) DEFAULT NULL,
  `yhzht` varchar(100) NOT NULL DEFAULT '0',
  `bzh` varchar(200) DEFAULT NULL
) ENGINE=MyISAM DEFAULT CHARSET=utf8 COMMENT='医生账户表';

--
-- 转存表中的数据 `manager`
--

INSERT INTO `manager` (`id`, `names`, `pwds`, `phones`, `emails`, `adds`, `gldw`, `yhqxxx`, `yhqxdj`, `yhyl1`, `yhyl2`, `yhyl3`, `yhyl4`, `yhyl5`, `yhzht`, `bzh`) VALUES
(1, 'admin', '585b66ed3c06f4cadcb3084c0a621437', '', NULL, NULL, NULL, NULL, NULL, '系统管理员', '10', NULL, NULL, NULL, '1', NULL),
(3, 'lichunlei', '0fade02d0122c601557c02e0c3ad6fab', '18600228307', NULL, NULL, NULL, NULL, NULL, '李春蕾', '2', 'admin_AllowAll', NULL, NULL, '1', NULL),
(4, 'shiying', 'de81f093614f4f1f15f43804ca041232', '022-27824206', NULL, NULL, '天津国大药房连锁有限公司渤海店', NULL, NULL, '时影', '3', NULL, NULL, NULL, '1', NULL),
(5, 'maxiaoxiong', 'da482c8319eab8e44aa64cbaac84e863', '13059000262', NULL, NULL, '哈药集团医药有限公司新药特药商店', NULL, NULL, '马骁雄', '3', NULL, NULL, NULL, '1', NULL),
(6, 'huangyan', '5d769b6b39b15bb7584d457710c8dda6', '15866831265', NULL, NULL, '青岛惠友大药房有限责任公司', NULL, NULL, '黄岩', '3', NULL, NULL, NULL, '1', NULL),
(7, 'zhuhualai', '822358bd8f2b982f78962c60f0e626e9', '18271906373', NULL, NULL, '国药控股（湖北）汉口大药房有限公司协和店', NULL, NULL, '朱华来', '3', NULL, NULL, NULL, '1', NULL),
(8, 'wangrui', '491cbd99d1d48c81e3fd9ff9170cb6d0', '15890168046', NULL, NULL, '河南鸿翔一心堂药业有限公司郑州金水路店', NULL, NULL, '王蕊', '3', NULL, NULL, NULL, '1', NULL),
(9, 'dingxian', '4f2c7077b1f3b038253b35e00ef2b258', '13814043337', NULL, NULL, '南京医药药事服务有限公司第一药店', NULL, NULL, '丁娴', '3', NULL, NULL, NULL, '1', NULL),
(10, 'haozhimin', 'a49703142c5a2c1aab630944af10b1f1', '13240011672', NULL, NULL, '北京国大药房连锁有限公司永定门连锁店', NULL, NULL, '郝智敏', '3', NULL, NULL, NULL, '1', NULL);

-- --------------------------------------------------------

--
-- 表的结构 `patient_account`
--

CREATE TABLE `patient_account` (
  `pat_uid` int(10) UNSIGNED NOT NULL COMMENT '患者uid',
  `name` varchar(50) NOT NULL DEFAULT '' COMMENT '患者账号',
  `password` varchar(50) NOT NULL DEFAULT '' COMMENT '账户密码',
  `question_id` int(10) UNSIGNED NOT NULL DEFAULT '0' COMMENT '密保问题id',
  `question_dan` varchar(255) NOT NULL DEFAULT '' COMMENT '密保问题答案'
) ENGINE=InnoDB DEFAULT CHARSET=utf8 COMMENT='患者信息表';

-- --------------------------------------------------------

--
-- 表的结构 `psyp`
--

CREATE TABLE `psyp` (
  `id` int(11) NOT NULL,
  `yshxm` varchar(100) DEFAULT NULL,
  `yfmch` varchar(255) DEFAULT NULL COMMENT '药房名称',
  `ypgg` varchar(100) DEFAULT NULL,
  `pshsh` varchar(100) DEFAULT NULL,
  `pihao` varchar(100) DEFAULT NULL,
  `state` varchar(100) DEFAULT '1' COMMENT '（默认1 在药房、2打包后变为已邮寄、3项目办签收变为已签收)',
  `createDate` varchar(100) DEFAULT NULL
) ENGINE=MyISAM DEFAULT CHARSET=utf8;

--
-- 转存表中的数据 `psyp`
--

INSERT INTO `psyp` (`id`, `yshxm`, `yfmch`, `ypgg`, `pshsh`, `pihao`, `state`, `createDate`) VALUES
(1, '黄岩', '青岛惠友大药房有限责任公司', '5mg', '1', '1', '2', '2016-05-16'),
(2, '郝智敏', '北京国大药房连锁有限公司永定门连锁店', '5mg', '2', '2', '3', '2016-06-25');

-- --------------------------------------------------------

--
-- 表的结构 `psypjh`
--

CREATE TABLE `psypjh` (
  `id` int(11) NOT NULL,
  `yfid` int(11) DEFAULT NULL,
  `yfmch` varchar(100) DEFAULT NULL,
  `chlr` varchar(100) DEFAULT NULL,
  `tjrq` varchar(100) DEFAULT NULL,
  `shdrq` varchar(100) DEFAULT NULL,
  `state` varchar(100) DEFAULT NULL,
  `psshl` int(11) DEFAULT NULL
) ENGINE=MyISAM DEFAULT CHARSET=utf8;

--
-- 转存表中的数据 `psypjh`
--

INSERT INTO `psypjh` (`id`, `yfid`, `yfmch`, `chlr`, `tjrq`, `shdrq`, `state`, `psshl`) VALUES
(1, 3, '青岛惠友大药房有限责任公司', NULL, '2016-05-16', NULL, '1', 1),
(2, 7, '北京国大药房连锁有限公司永定门连锁店', NULL, '2016-07-24', NULL, '1', 2);

-- --------------------------------------------------------

--
-- 表的结构 `sce_question`
--

CREATE TABLE `sce_question` (
  `q_id` int(10) UNSIGNED NOT NULL COMMENT '密保问题',
  `q_name` varchar(255) NOT NULL DEFAULT '' COMMENT '密保问题'
) ENGINE=InnoDB DEFAULT CHARSET=utf8 COMMENT='密保问题表';

-- --------------------------------------------------------

--
-- 表的结构 `sfshc`
--

CREATE TABLE `sfshc` (
  `id` int(100) NOT NULL,
  `hzhid` int(100) NOT NULL,
  `jchrq` varchar(100) NOT NULL,
  `ydh` varchar(100) NOT NULL,
  `lyyf` varchar(100) NOT NULL,
  `yflxfsh` varchar(100) DEFAULT NULL,
  `time` varchar(100) NOT NULL DEFAULT '' COMMENT '领药时间'
) ENGINE=MyISAM DEFAULT CHARSET=utf8 COMMENT='随访手册';

--
-- 转存表中的数据 `sfshc`
--

INSERT INTO `sfshc` (`id`, `hzhid`, `jchrq`, `ydh`, `lyyf`, `yflxfsh`, `time`) VALUES
(1, 2, '2016-04-13', '5656', '天津国大药房连锁有限公司渤海店', NULL, ''),
(2, 4, '2016-04-20', '200307972014', '哈药集团医药有限公司新药特药商店', NULL, '2016-04-20'),
(3, 5, '2016-04-27', '44874879848', '青岛惠友大药房有限责任公司', NULL, '2016-04-27'),
(4, 6, '2016-04-27', '1234567890', '', NULL, '2016-04-27'),
(5, 9, '2016-05-07', '41251684', '南京医药药事服务有限公司第一药店', NULL, '2016-05-12'),
(6, 10, '2016-05-16', '112233', '青岛惠友大药房有限责任公司', NULL, '2016-05-16'),
(7, 11, '2016-06-07', '44874879848', '', NULL, '2016-06-07'),
(8, 12, '2016-06-07', '44874879848', '北京国大药房连锁有限公司永定门连锁店', NULL, '2016-06-07'),
(9, 15, '2016-06-25', '12545468', '北京国大药房连锁有限公司永定门连锁店', NULL, '2016-06-25'),
(10, 17, '2016-07-24', '12545468', '北京国大药房连锁有限公司永定门连锁店', NULL, '2016-07-24'),
(11, 21, '2016-08-05', '41251684', '青岛惠友大药房有限责任公司', NULL, '2016-08-05'),
(12, 22, '2016-08-11', '12545468', '青岛惠友大药房有限责任公司', NULL, '2016-08-11'),
(13, 23, '2016-08-11', '12545468', '青岛惠友大药房有限责任公司', NULL, '2016-08-11'),
(14, 24, '2016-08-11', '12545468', '青岛惠友大药房有限责任公司', NULL, '2016-08-11'),
(15, 20, '2016-08-11', '12545468', '北京国大药房连锁有限公司永定门连锁店', NULL, '2016-08-19');

-- --------------------------------------------------------

--
-- 表的结构 `shhdch`
--

CREATE TABLE `shhdch` (
  `id` int(100) NOT NULL,
  `hzhid` int(100) NOT NULL,
  `dchbm` varchar(100) NOT NULL,
  `lxdh` varchar(100) NOT NULL,
  `shfshsh` varchar(100) NOT NULL,
  `dchrq` varchar(100) NOT NULL,
  `dchr` varchar(100) NOT NULL,
  `bzh` varchar(100) NOT NULL,
  `qtbmxx` varchar(200) NOT NULL,
  `bshshmsh` varchar(200) NOT NULL
) ENGINE=MyISAM DEFAULT CHARSET=utf8 COMMENT='随访记录';

--
-- 转存表中的数据 `shhdch`
--

INSERT INTO `shhdch` (`id`, `hzhid`, `dchbm`, `lxdh`, `shfshsh`, `dchrq`, `dchr`, `bzh`, `qtbmxx`, `bshshmsh`) VALUES
(1, 2, '工作单位', '100000', '1', '2016-04-13', '系统管理员', '', '', ''),
(2, 1, '工作单位', '564456456', '1', '2016-04-14', '系统管理员', '', '', ''),
(3, 4, '街道办事处', '18045200856', '1', '2016-04-20', '系统管理员', '', '', ''),
(4, 5, '居委会', '0532-88902312', '1', '2015-12-24', '系统管理员', '', '', ''),
(5, 6, '居委会', '0371-23888110', '1', '2016-01-18', '系统管理员', '', '', ''),
(6, 7, '街道办事处', '0798-8512558', '1', '2016-05-04', '系统管理员', '', '', ''),
(7, 9, '街道办事处', '18744691866', '1', '2016-05-05', '系统管理员', '', '', ''),
(8, 10, '居委会', '0511-54784478', '1', '2016-05-16', '系统管理员', '', '', ''),
(9, 11, '居委会', '0718-4331619', '1', '2016-06-07', '系统管理员', '', '', ''),
(10, 12, '居委会', '0730-6898199', '1', '2016-01-27', '系统管理员', '', '', ''),
(11, 15, '民政部门', '0105789487', '1', '2016-06-25', '系统管理员', '', '', ''),
(12, 17, '居委会', '0105789487', '1', '2016-07-24', '系统管理员', '', '', ''),
(13, 21, '居委会', '15719328331', '1', '2016-08-05', '系统管理员', '', '', ''),
(14, 22, '居委会', '0105789487', '1', '2016-08-11', '系统管理员', '', '', ''),
(15, 23, '居委会', '0105789487', '1', '2016-08-11', '系统管理员', '', '', ''),
(16, 24, '居委会', '0105789487', '1', '2016-08-11', '李春蕾', '', '', ''),
(17, 20, '居委会', '0105789487', '1', '2016-08-11', '系统管理员', '', '', '');

-- --------------------------------------------------------

--
-- 表的结构 `shhejl`
--

CREATE TABLE `shhejl` (
  `id` int(11) NOT NULL,
  `hzhid` int(11) NOT NULL,
  `shhr` varchar(100) NOT NULL,
  `shhyj` varchar(1000) NOT NULL,
  `shhrq` varchar(100) NOT NULL,
  `bzh` text,
  `clshdrq` varchar(100) DEFAULT NULL
) ENGINE=MyISAM DEFAULT CHARSET=utf8;

--
-- 转存表中的数据 `shhejl`
--

INSERT INTO `shhejl` (`id`, `hzhid`, `shhr`, `shhyj`, `shhrq`, `bzh`, `clshdrq`) VALUES
(1, 2, '系统管理员', '补寄材料', '2016-04-13', ' ', ''),
(2, 2, '系统管理员', '材料齐全', '2016-04-13', ' ', '2016-04-13'),
(3, 2, '系统管理员', '批准-入组', '2016-04-13', ' ', NULL),
(4, 2, '系统管理员', '批准-入组', '2016-04-13', '入组医院/医生：天津市肿瘤医院（天津医科大学肿瘤医院） 姚欣 ', NULL),
(5, 1, '系统管理员', '材料齐全', '2016-04-14', ' ', '2016-04-13'),
(6, 4, '系统管理员', '补寄材料', '2016-04-20', '医学条件确认表：确认表评估时间未填\r\n首次确诊晚期肾细胞癌的住院病历首页、出院小结：住院病案首页（2003年4月）\r\n经济情况调查表：照片处盖章\r\n ', '2015-12-28'),
(7, 4, '系统管理员', '材料齐全', '2016-04-20', ' ', '2015-12-29'),
(8, 4, '系统管理员', '批准-入组', '2016-04-20', ' ', NULL),
(9, 4, '系统管理员', '批准-入组', '2016-04-20', '入组医院/医生：哈尔滨医科大学附属第二医院 李学东 ', NULL),
(10, 1, '系统管理员', '批准-入组', '2016-04-22', ' ', NULL),
(11, 5, '系统管理员', '材料齐全', '2016-04-27', ' ', '2015-12-29'),
(12, 5, '系统管理员', '批准-入组', '2016-04-27', ' ', NULL),
(13, 5, '系统管理员', '批准-入组', '2016-04-27', '入组医院/医生：青岛大学附属医院 孙立江 ', NULL),
(14, 6, '系统管理员', '材料齐全', '2016-04-27', ' ', '2016-01-27'),
(15, 6, '系统管理员', '批准-入组', '2016-04-27', ' ', NULL),
(16, 6, '系统管理员', '批准-入组', '2016-04-27', '入组医院/医生：河南省肿瘤医院 何朝宏 ', NULL),
(17, 7, '系统管理员', '材料齐全', '2016-05-04', ' ', '2016-04-06'),
(18, 9, '系统管理员', '材料齐全', '2016-05-12', ' ', '2016-05-01'),
(19, 9, '系统管理员', '批准-入组', '2016-05-12', ' ', NULL),
(20, 9, '系统管理员', '批准-入组', '2016-05-12', '入组医院/医生：南京鼓楼医院 郭宏骞 ', NULL),
(21, 8, '系统管理员', '补寄材料', '2016-05-13', '患者及直系亲属户口本复印件：补充女儿户口本复印件\r\n ', '2016-05-01'),
(22, 10, '系统管理员', '补寄材料', '2016-05-16', '医学条件确认表：指定医生签字有误\r\n ', '2016-05-01'),
(23, 10, '系统管理员', '材料齐全', '2016-05-16', ' ', '2016-05-11'),
(24, 10, '系统管理员', '批准-入组', '2016-05-16', ' ', NULL),
(25, 10, '系统管理员', '批准-入组', '2016-05-16', '入组医院/医生：青岛大学附属医院 孙立江 ', NULL),
(26, 11, '系统管理员', '补寄材料', '2016-06-07', '未收到：英立达发票原件（5瓶）——进入索坦项目的患者、未进入索坦项目但吃过8瓶的患者\r\n未收到：英立达发票原件（9瓶）——未进入索坦项目但吃过2瓶的患者\r\n未收到：英立达发票原件（8瓶）——未进入索坦项目但吃过3瓶或4瓶的患者\r\n未收到：英立达发票原件（7瓶）——未进入索坦项目但吃过5瓶的患者\r\n未收到：英立达发票原件（6瓶）——未进入索坦项目但吃过6瓶或7瓶的患者\r\n未收到：英立达发票原件（4瓶）——未进入索坦项目但吃过9瓶或10瓶的患者\r\n未收到：英立达发票原件（3瓶）——未进入索坦项目但吃过11瓶的患者\r\n未收到：英立达发票原件（2瓶）——未进入索坦项目但吃过12瓶的患者\r\n ', '2016-06-01'),
(27, 11, '系统管理员', '材料齐全', '2016-06-07', ' ', '2016-06-06'),
(28, 11, '系统管理员', '批准-入组', '2016-06-07', ' ', NULL),
(29, 11, '系统管理员', '批准-入组', '2016-06-07', '入组医院/医生：江苏省人民医院 王增军 ', NULL),
(30, 12, '系统管理员', '材料齐全', '2016-06-07', ' ', '2016-01-13'),
(31, 12, '系统管理员', '批准-入组', '2016-06-07', ' ', NULL),
(32, 12, '系统管理员', '批准-入组', '2016-06-07', '入组医院/医生：中国人民解放军第三0七医院 陈立军 ', NULL),
(33, 15, '系统管理员', '材料齐全', '2016-06-25', ' ', '2016-06-24'),
(34, 15, '系统管理员', '批准-入组', '2016-06-25', ' ', NULL),
(35, 15, '系统管理员', '批准-入组', '2016-06-25', '入组医院/医生：中国医学科学院北京协和医院 李汉忠 ', NULL),
(36, 17, '系统管理员', '材料齐全', '2016-07-24', ' ', '2016-07-01'),
(37, 17, '系统管理员', '批准-入组', '2016-07-24', ' ', NULL),
(38, 17, '系统管理员', '批准-入组', '2016-07-24', '入组医院/医生：中国医学科学院北京协和医院 李汉忠 ', NULL),
(39, 21, '系统管理员', '材料齐全', '2016-08-05', ' ', '2016-08-05'),
(40, 21, '系统管理员', '批准-入组', '2016-08-05', ' ', NULL),
(41, 21, '系统管理员', '批准-入组', '2016-08-05', '入组医院/医生：青岛大学附属医院 孙立江 ', NULL),
(42, 22, '系统管理员', '材料齐全', '2016-08-11', ' ', '2016-08-10'),
(43, 22, '系统管理员', '批准-入组', '2016-08-11', ' ', NULL),
(44, 22, '系统管理员', '批准-入组', '2016-08-11', '入组医院/医生：青岛大学附属医院 孙立江 ', NULL),
(45, 23, '系统管理员', '材料齐全', '2016-08-11', ' ', '2016-08-10'),
(46, 23, '系统管理员', '批准-入组', '2016-08-11', ' ', NULL),
(47, 23, '系统管理员', '批准-入组', '2016-08-11', '入组医院/医生：青岛大学附属医院 孙立江 ', NULL),
(48, 24, '李春蕾', '补寄材料', '2016-08-11', '未收到：患者知情同意书\r\n首次确诊晚期肾细胞癌的住院病历首页、出院小结：\r\n首次确诊晚期肾细胞癌的病理报告：\r\n近期可测量病灶影像学检查报告单：\r\n ', '2016-08-09'),
(49, 24, '李春蕾', '材料齐全', '2016-08-11', ' ', '2016-08-10'),
(50, 24, '李春蕾', '批准-入组', '2016-08-11', ' ', NULL),
(51, 24, '李春蕾', '批准-入组', '2016-08-11', '入组医院/医生：青岛大学附属医院 孙立江 ', NULL),
(52, 20, '系统管理员', '材料齐全', '2016-08-11', ' ', '2016-08-11'),
(53, 20, '系统管理员', '批准-入组', '2016-08-11', ' ', NULL),
(54, 20, '系统管理员', '批准-入组', '2016-08-11', '入组医院/医生：中国人民解放军第三0七医院 陈立军 ', NULL);

-- --------------------------------------------------------

--
-- 表的结构 `shhjl`
--

CREATE TABLE `shhjl` (
  `id` int(11) NOT NULL,
  `shhzht` varchar(100) NOT NULL,
  `shprq` varchar(100) NOT NULL,
  `shpr` varchar(100) NOT NULL,
  `wtgyy` varchar(100) NOT NULL,
  `hzhid` varchar(100) NOT NULL,
  `bzh` varchar(100) DEFAULT '未填写'
) ENGINE=MyISAM DEFAULT CHARSET=utf8;

-- --------------------------------------------------------

--
-- 表的结构 `thyf`
--

CREATE TABLE `thyf` (
  `id` int(11) NOT NULL,
  `thqyfid` varchar(100) NOT NULL,
  `thhyfid` varchar(100) NOT NULL,
  `jbr` varchar(100) NOT NULL,
  `thrq` varchar(100) NOT NULL,
  `thly` varchar(100) DEFAULT NULL,
  `xrzth` varchar(100) NOT NULL,
  `lhzhth` varchar(100) NOT NULL
) ENGINE=MyISAM DEFAULT CHARSET=utf8;

-- --------------------------------------------------------

--
-- 表的结构 `tsdh`
--

CREATE TABLE `tsdh` (
  `id` int(11) NOT NULL,
  `yfid` int(30) NOT NULL,
  `yfname` varchar(200) NOT NULL,
  `shuliang` int(3) NOT NULL,
  `pihao` varchar(20) DEFAULT NULL COMMENT '批号详情',
  `yuanyin` varchar(300) NOT NULL,
  `caozuoren` varchar(50) NOT NULL,
  `czshijian` datetime NOT NULL,
  `sdzyid` int(30) NOT NULL,
  `guige` varchar(50) NOT NULL
) ENGINE=InnoDB DEFAULT CHARSET=utf8 COMMENT='特殊调回（药房实收数量缺失的情况，调回cfc认领缺失数。）';

-- --------------------------------------------------------

--
-- 表的结构 `tshzhtzyfy`
--

CREATE TABLE `tshzhtzyfy` (
  `id` int(11) NOT NULL,
  `hzhid` varchar(100) NOT NULL,
  `fyr` varchar(100) NOT NULL,
  `fyid` varchar(100) NOT NULL,
  `fyrq` varchar(100) NOT NULL,
  `zhmclbzh` varchar(100) NOT NULL
) ENGINE=MyISAM DEFAULT CHARSET=utf8;

-- --------------------------------------------------------

--
-- 表的结构 `tshzhtzyfywu`
--

CREATE TABLE `tshzhtzyfywu` (
  `id` int(11) NOT NULL,
  `hzhid` varchar(100) NOT NULL,
  `fyr` varchar(100) DEFAULT NULL,
  `fyid` varchar(100) DEFAULT NULL,
  `fyrq` varchar(100) DEFAULT NULL,
  `zhmclbzh` varchar(100) DEFAULT NULL,
  `shqzht` varchar(100) NOT NULL,
  `syfyyy` varchar(50) DEFAULT NULL,
  `syfyyy_qt` varchar(50) DEFAULT NULL
) ENGINE=MyISAM DEFAULT CHARSET=utf8;

--
-- 转存表中的数据 `tshzhtzyfywu`
--

INSERT INTO `tshzhtzyfywu` (`id`, `hzhid`, `fyr`, `fyid`, `fyrq`, `zhmclbzh`, `shqzht`, `syfyyy`, `syfyyy_qt`) VALUES
(1, '2', NULL, NULL, '2016-05-09', NULL, '1', '长期未领药', ''),
(2, '4', NULL, NULL, '2016-05-27', NULL, '1', '长期未领药', ''),
(3, '12', NULL, NULL, '2016-08-05', NULL, '0', '提前领药', ''),
(4, '12', NULL, NULL, '2016-08-05', NULL, '0', '提前领药', ''),
(5, '21', NULL, NULL, '2016-08-09', NULL, '0', '提前领药', ''),
(6, '9', NULL, NULL, '2016-08-09', NULL, '0', '长期未领药', '');

-- --------------------------------------------------------

--
-- 表的结构 `xalkoriyyyf`
--

CREATE TABLE `xalkoriyyyf` (
  `id` int(11) NOT NULL,
  `yyfy` varchar(100) NOT NULL,
  `sheng` varchar(100) NOT NULL,
  `shi` varchar(100) NOT NULL,
  `mch` varchar(100) NOT NULL
) ENGINE=MyISAM DEFAULT CHARSET=utf8;

-- --------------------------------------------------------

--
-- 表的结构 `xclyrq`
--

CREATE TABLE `xclyrq` (
  `id` int(11) NOT NULL,
  `hzhid` varchar(100) NOT NULL,
  `xclyrq` varchar(100) NOT NULL
) ENGINE=MyISAM DEFAULT CHARSET=utf8 COMMENT='下次领药时间';

--
-- 转存表中的数据 `xclyrq`
--

INSERT INTO `xclyrq` (`id`, `hzhid`, `xclyrq`) VALUES
(1, '1', '2016-04-08'),
(2, '2', '2016-05-30'),
(3, '3', '2016-04-13'),
(4, '4', '2016-04-20'),
(5, '5', '2016-04-27'),
(6, '6', '2016-04-27'),
(7, '7', '2016-05-04'),
(8, '8', '2016-05-09'),
(9, '9', '2016-06-05'),
(10, '10', '2016-06-06'),
(11, '11', '2016-06-07'),
(12, '12', '2016-06-07'),
(13, '12', '2016-07-13'),
(14, '13', '2016-06-22'),
(15, '14', '2016-06-22'),
(16, '15', '2016-06-25'),
(17, '12', '2016-08-15'),
(18, '15', '2016-08-08'),
(19, '12', ''),
(20, '16', '2016-07-21'),
(21, '17', '2016-07-24'),
(22, '17', '2016-08-14'),
(23, '18', '2016-07-26'),
(24, '19', '2016-07-26'),
(25, '20', '2016-08-11'),
(26, '12', '2016-08-30'),
(27, '12', '2016-09-02'),
(28, '12', '2016-09-02'),
(29, '21', '2016-08-05'),
(30, '21', '2016-08-26'),
(31, '9', '2016-09-06'),
(32, '15', '2016-09-08'),
(33, '12', '2016-09-08'),
(34, '21', '2016-09-08'),
(35, '22', '2016-08-11'),
(36, '22', '2016-09-01'),
(37, '23', '2016-08-11'),
(38, '23', '2016-09-01'),
(39, '24', '2016-08-11');

-- --------------------------------------------------------

--
-- 表的结构 `xgyxx`
--

CREATE TABLE `xgyxx` (
  `id` int(20) NOT NULL,
  `mid` int(20) DEFAULT NULL,
  `chengshi` varchar(30) NOT NULL,
  `name` varchar(30) NOT NULL,
  `sex` varchar(6) DEFAULT NULL,
  `shouji` varchar(16) DEFAULT NULL,
  `email` varchar(200) DEFAULT NULL,
  `danwei` varchar(200) DEFAULT NULL,
  `zhicheng` varchar(200) DEFAULT NULL,
  `didian` varchar(200) DEFAULT NULL,
  `wailian` varchar(200) DEFAULT NULL,
  `zixun` varchar(300) DEFAULT NULL
) ENGINE=InnoDB DEFAULT CHARSET=utf8;

-- --------------------------------------------------------

--
-- 表的结构 `xgyyshxmclshq`
--

CREATE TABLE `xgyyshxmclshq` (
  `id` int(11) NOT NULL,
  `yshid` varchar(200) NOT NULL,
  `hzhzlj` varchar(200) DEFAULT NULL,
  `shqb` varchar(200) DEFAULT NULL,
  `shqrq` varchar(200) DEFAULT NULL,
  `shqr` varchar(200) DEFAULT NULL,
  `jchrq` varchar(200) DEFAULT NULL,
  `ydh` varchar(200) DEFAULT NULL,
  `czr` varchar(200) DEFAULT NULL,
  `bzh` varchar(200) DEFAULT NULL,
  `zljbb` varchar(200) NOT NULL DEFAULT '2014年5月',
  `shqbbb` varchar(200) NOT NULL DEFAULT '2014年5月',
  `pzhhzhzlj` varchar(200) DEFAULT NULL,
  `pzhshqb` varchar(200) DEFAULT NULL,
  `xgybzh` varchar(200) DEFAULT NULL
) ENGINE=MyISAM DEFAULT CHARSET=utf8;

-- --------------------------------------------------------

--
-- 表的结构 `xjsfjl`
--

CREATE TABLE `xjsfjl` (
  `id` int(11) NOT NULL,
  `hzhid` varchar(100) NOT NULL,
  `sfrq` varchar(100) NOT NULL,
  `sffsh` varchar(100) NOT NULL,
  `bsfr` varchar(100) NOT NULL,
  `yhzhgx` varchar(100) NOT NULL,
  `sfshjxx` varchar(100) NOT NULL,
  `bzh` varchar(100) NOT NULL,
  `sfr` varchar(100) NOT NULL
) ENGINE=MyISAM DEFAULT CHARSET=utf8;

--
-- 转存表中的数据 `xjsfjl`
--

INSERT INTO `xjsfjl` (`id`, `hzhid`, `sfrq`, `sffsh`, `bsfr`, `yhzhgx`, `sfshjxx`, `bzh`, `sfr`) VALUES
(1, '17', '2016-07-25', '13935106107', '', '', 'hj', '', '系统管理员');

-- --------------------------------------------------------

--
-- 表的结构 `xtggxx`
--

CREATE TABLE `xtggxx` (
  `id` int(11) NOT NULL,
  `ggbt` varchar(100) NOT NULL,
  `ggnr` text NOT NULL,
  `zhdqx` varchar(100) DEFAULT NULL,
  `ggrq` varchar(100) NOT NULL,
  `ggzht` varchar(100) NOT NULL,
  `tshgn` varchar(100) NOT NULL,
  `fqr` varchar(100) NOT NULL,
  `tzhrq` varchar(100) DEFAULT NULL
) ENGINE=MyISAM DEFAULT CHARSET=utf8;

--
-- 转存表中的数据 `xtggxx`
--

INSERT INTO `xtggxx` (`id`, `ggbt`, `ggnr`, `zhdqx`, `ggrq`, `ggzht`, `tshgn`, `fqr`, `tzhrq`) VALUES
(1, '临时开放盘点', '1', '3', '2016-05-16', '1', '1', '系统管理员', NULL),
(2, '临时工作', '0', '3', '2016-08-09', '1', '1', '系统管理员', NULL),
(3, '临时开放盘点', '0', '3', '2016-08-11', '1', '1', '系统管理员', NULL);

-- --------------------------------------------------------

--
-- 表的结构 `yf`
--

CREATE TABLE `yf` (
  `id` int(100) NOT NULL,
  `yfmch` varchar(100) NOT NULL,
  `yfdzh` varchar(100) NOT NULL,
  `yfdh` varchar(100) NOT NULL,
  `yfshj` varchar(100) NOT NULL,
  `yfchzh` varchar(100) NOT NULL,
  `yfemail` varchar(100) NOT NULL,
  `shfzt` varchar(100) NOT NULL,
  `bzh` varchar(100) DEFAULT NULL,
  `yfkcrl` varchar(100) NOT NULL,
  `yfsheng` varchar(100) NOT NULL,
  `yfzhdysh` varchar(100) NOT NULL,
  `yfshengjx` varchar(100) NOT NULL,
  `yfyshname` varchar(100) NOT NULL,
  `yfshi` varchar(100) NOT NULL,
  `yfshijx` varchar(100) NOT NULL,
  `yfqu` varchar(100) NOT NULL,
  `yfqujx` varchar(100) NOT NULL,
  `yfzhdyshyzh` varchar(100) NOT NULL,
  `yfshqysh` varchar(100) NOT NULL,
  `yfshqyshyzh` varchar(100) NOT NULL,
  `yfzhdyshxb` varchar(100) NOT NULL,
  `yfshqyshdh` varchar(100) NOT NULL,
  `pxb` varchar(100) DEFAULT NULL,
  `pxrq` varchar(100) DEFAULT NULL,
  `newtime` varchar(100) NOT NULL DEFAULT '' COMMENT '新增时间',
  `bgsj` varchar(255) NOT NULL COMMENT '办公时间',
  `swsj` varchar(255) NOT NULL COMMENT '上午时间',
  `xwsj` varchar(255) NOT NULL COMMENT '下午时间',
  `zhdyshnl` varchar(255) DEFAULT '',
  `yfshqyshnl` varchar(255) DEFAULT '',
  `yfshqyshxb` varchar(255) DEFAULT '',
  `yfshqyshshj` varchar(255) DEFAULT '',
  `yfshqyshemail` varchar(255) DEFAULT '',
  `yfshqyshbarq` varchar(255) DEFAULT ''
) ENGINE=MyISAM DEFAULT CHARSET=utf8;

--
-- 转存表中的数据 `yf`
--

INSERT INTO `yf` (`id`, `yfmch`, `yfdzh`, `yfdh`, `yfshj`, `yfchzh`, `yfemail`, `shfzt`, `bzh`, `yfkcrl`, `yfsheng`, `yfzhdysh`, `yfshengjx`, `yfyshname`, `yfshi`, `yfshijx`, `yfqu`, `yfqujx`, `yfzhdyshyzh`, `yfshqysh`, `yfshqyshyzh`, `yfzhdyshxb`, `yfshqyshdh`, `pxb`, `pxrq`, `newtime`, `bgsj`, `swsj`, `xwsj`, `zhdyshnl`, `yfshqyshnl`, `yfshqyshxb`, `yfshqyshshj`, `yfshqyshemail`, `yfshqyshbarq`) VALUES
(1, '天津国大药房连锁有限公司渤海店', '天津市和平区昆明路景阳里7门底商', '', '022-27824206', '', '13516253980@163.com', '1', NULL, '', '天津市', '时影', 'TJS', 'shiying', '天津市', 'TJS', '和平区', 'HPQ', '1460527775_42.jpg', '', '', '女', '', '', '', '2016-04-13', '1,2,3,4,5', '', '', '13516253980', '', '男', '', '', ''),
(2, '哈药集团医药有限公司新药特药商店', '地段街95-1号', '0451-84614143', '13059000262', '0451-84617311', '13059000262@163.com', '1', NULL, '', '黑龙江省', '马骁雄', 'HLJS', 'maxiaoxiong', '哈尔滨市', 'HEBS', '道里区', 'DLQ', '1461118609_31.jpg', '', '', '女', '', '', '', '2016-04-20', '1,3', '10:00-11:00', '13:00-15:00', '79', '', '男', '', '', ''),
(3, '青岛惠友大药房有限责任公司', '闽江路10号丁', '0532-85015068', '15866831265', '', 'qdhydyf@163.com', '1', NULL, '', '山东省', '黄岩', 'SDS', 'huangyan', '青岛市', 'QDS', '市南区', 'SNQ', '', '', '', '女', '', '', '', '2015-12-20', '3', '9:00-11:00', '14:00-16:00', '', '', '男', '', '', ''),
(4, '国药控股（湖北）汉口大药房有限公司协和店', '解放大道712号', '027-85782229', '18271906373', '', '2385057179@qq.com', '1', NULL, '', '湖北省', '朱华来', 'HBS', 'zhuhualai', '武汉市', 'WHS', '江汉区', 'JHQ', '', '罗霄', '', '男', '', '', '', '2015-12-20', '1,2,3,4,5', '9:00-12:00', '12:00-16:00', '', '', '女', '18672983781', '649225557@qq.com', '2015-12-20'),
(5, '河南鸿翔一心堂药业有限公司郑州金水路店', '金水路54号（何医立交桥下西北角）', '0371-67974690', '15890168046', '0371-67974690', '464650681@qq.com', '1', NULL, '', '河南省', '王蕊', 'HNS', 'wangrui', '郑州市', 'ZZS', '二七区', 'EQQ', '', '', '', '女', '', '', '', '2015-12-20', '1,2,3,4,5', '8:00-12:00', '15:00-18:00', '25', '', '男', '', '', ''),
(6, '南京医药药事服务有限公司第一药店', '东白菜园14号', '025-84578968', '13814043337', '', 'dingxian@njyy.com', '1', NULL, '', '江苏省', '丁娴', 'JSS', 'dingxian', '南京市', 'NJS', '秦淮区', 'QHQ', '', '张红珍', '', '男', '', '', '', '2015-12-20', '3,5', '9:00-12:00', '12:00-17:00', '28', '24', '女', '', '', '2015-12-19'),
(7, '北京国大药房连锁有限公司永定门连锁店', '永外三元西巷甲12号', '010-87267687', '13240011672', '', '2408419418@qq.com', '1', NULL, '', '北京市', '郝智敏', 'BJS', 'haozhimin', '北京市', 'BJS', '东城区', 'DCQ', '1465265022_43.jpg', '', '', '女', '', '', '', '2016-06-07', '1,2,3,4,5', '9:00-12:00', '12:00-17:00', '30', '', '男', '', '', '');

-- --------------------------------------------------------

--
-- 表的结构 `yfdb`
--

CREATE TABLE `yfdb` (
  `id` int(11) NOT NULL COMMENT 'id',
  `fcyfid` varchar(100) DEFAULT NULL COMMENT '发出药房名称',
  `fryfid` varchar(100) DEFAULT NULL COMMENT '发入药房名称',
  `dbzht` varchar(100) DEFAULT NULL COMMENT '状态（0待发运，1在途中，2已收到）',
  `dbypgg` varchar(100) DEFAULT NULL COMMENT '调拨药品规格',
  `dbyppsh` varchar(100) DEFAULT NULL COMMENT '调拨药品瓶数',
  `dbypfyrq` varchar(100) DEFAULT NULL COMMENT '发运日期',
  `dbypshdrq` varchar(100) DEFAULT NULL COMMENT '收到日期',
  `dbypydh` varchar(100) DEFAULT NULL COMMENT '运单号',
  `yfshjfyshl` varchar(100) DEFAULT NULL COMMENT '药房实际发药瓶数',
  `fcyfysh` varchar(100) DEFAULT NULL COMMENT '发出药房药师',
  `fryfysh` varchar(100) DEFAULT NULL COMMENT '发入药房药师',
  `ph` varchar(100) DEFAULT NULL COMMENT '批号'
) ENGINE=InnoDB DEFAULT CHARSET=utf8 COMMENT='药房调拨';

--
-- 转存表中的数据 `yfdb`
--

INSERT INTO `yfdb` (`id`, `fcyfid`, `fryfid`, `dbzht`, `dbypgg`, `dbyppsh`, `dbypfyrq`, `dbypshdrq`, `dbypydh`, `yfshjfyshl`, `fcyfysh`, `fryfysh`, `ph`) VALUES
(1, '青岛惠友大药房有限责任公司', '南京医药药事服务有限公司第一药店', '2', '12.5mg*28粒', '10', '2016-05-17', '2016-05-17', '现场交接', '10', '黄岩', '丁娴', 'M07632');

-- --------------------------------------------------------

--
-- 表的结构 `yfshqsc`
--

CREATE TABLE `yfshqsc` (
  `id` int(11) NOT NULL,
  `ysname` varchar(100) NOT NULL,
  `yfname` varchar(200) DEFAULT NULL,
  `yundan` varchar(50) DEFAULT NULL,
  `shuliang` int(3) DEFAULT NULL,
  `shenshi` date DEFAULT NULL,
  `fashi` date DEFAULT NULL,
  `shoushi` date DEFAULT NULL,
  `zhuangtai` int(3) DEFAULT NULL
) ENGINE=InnoDB DEFAULT CHARSET=utf8 COMMENT='药房申请表';

-- --------------------------------------------------------

--
-- 表的结构 `yfshqzy`
--

CREATE TABLE `yfshqzy` (
  `id` int(100) NOT NULL,
  `yshxm` varchar(100) DEFAULT NULL,
  `gg1` varchar(100) DEFAULT NULL,
  `kcshl1` varchar(100) DEFAULT NULL,
  `shqshl1` varchar(100) DEFAULT NULL,
  `gg2` varchar(100) DEFAULT NULL,
  `kcshl2` varchar(100) DEFAULT NULL,
  `shqshl2` varchar(100) DEFAULT NULL,
  `shqzht` varchar(100) DEFAULT NULL,
  `shqrq` varchar(100) DEFAULT NULL,
  `pfnr` varchar(100) DEFAULT NULL,
  `kffy` varchar(100) DEFAULT NULL,
  `ydh` varchar(100) DEFAULT NULL,
  `fyrq` varchar(100) DEFAULT NULL,
  `shdrq` varchar(100) DEFAULT NULL,
  `ph1` varchar(100) DEFAULT NULL,
  `shhr` varchar(100) DEFAULT NULL,
  `fyr` varchar(100) DEFAULT NULL,
  `pfrq` varchar(100) DEFAULT NULL,
  `ph2` varchar(100) DEFAULT NULL,
  `pfshl1` varchar(100) DEFAULT NULL,
  `pfshl2` varchar(100) DEFAULT NULL,
  `phshl1` varchar(100) DEFAULT NULL,
  `phshl2` varchar(100) DEFAULT NULL,
  `jlshjch` varchar(100) DEFAULT NULL,
  `yfmch` varchar(100) DEFAULT NULL,
  `shqshc` varchar(100) DEFAULT NULL COMMENT '申请手册',
  `shdchzh` varchar(100) NOT NULL DEFAULT '0' COMMENT 'cfc是否收到传真(0为未收到，1为已收到，默认为未收到'
) ENGINE=MyISAM DEFAULT CHARSET=utf8;

--
-- 转存表中的数据 `yfshqzy`
--

INSERT INTO `yfshqzy` (`id`, `yshxm`, `gg1`, `kcshl1`, `shqshl1`, `gg2`, `kcshl2`, `shqshl2`, `shqzht`, `shqrq`, `pfnr`, `kffy`, `ydh`, `fyrq`, `shdrq`, `ph1`, `shhr`, `fyr`, `pfrq`, `ph2`, `pfshl1`, `pfshl2`, `phshl1`, `phshl2`, `jlshjch`, `yfmch`, `shqshc`, `shdchzh`) VALUES
(1, '时影', '1mg', '0', '12', NULL, NULL, NULL, '3', '2016-04-13', '', NULL, '110', '2016-05-09', '2016-05-09', '3', '1', '1', '2016-04-22', NULL, '12', NULL, '12', NULL, '1462753585.2495', '天津国大药房连锁有限公司渤海店', '', '0'),
(2, '时影', '5mg', '0', '20', NULL, NULL, NULL, '3', '2016-04-13', '', NULL, '119', '2016-05-09', '2016-05-09', '1', '1', '1', '2016-04-18', NULL, '20', NULL, '20', NULL, '1462753590.0008', '天津国大药房连锁有限公司渤海店', '', '0'),
(3, '丁娴', '5mg', '0', '20', NULL, NULL, NULL, '3', '2016-05-12', '', NULL, '120961209787', '2016-05-12', '2016-05-12', '2', '1', '1', '2016-05-12', NULL, '20', NULL, '20', NULL, '1463034727.6053', '南京医药药事服务有限公司第一药店', '', '0'),
(4, '黄岩', '5mg', '0', '40', NULL, NULL, NULL, '3', '2016-05-16', '', NULL, '112233', '2016-05-16', '2016-05-16', '1', '1', '1', '2016-05-16', NULL, '40', NULL, '40', NULL, '1463397019.249', '青岛惠友大药房有限责任公司', '', '0'),
(5, '郝智敏', '5mg', '0', '20', NULL, NULL, NULL, '3', '2016-06-07', '', NULL, '120961209787', '2016-06-07', '2016-06-07', '1', '1', '1', '2016-06-07', NULL, '20', NULL, '20', NULL, '1465268092.1314', '北京国大药房连锁有限公司永定门连锁店', '', '0'),
(6, '郝智敏', '5mg', '20', '20', NULL, NULL, NULL, '3', '2016-06-07', '', NULL, '120961207510', '2016-06-07', '2016-06-07', '2', '1', '1', '2016-06-07', NULL, '20', NULL, '20', NULL, '1465278128.5528', '北京国大药房连锁有限公司永定门连锁店', '', '0'),
(7, '郝智敏', '1mg', '38', '20', NULL, NULL, NULL, '0', '2016-06-22', NULL, NULL, NULL, NULL, NULL, NULL, NULL, NULL, NULL, NULL, NULL, NULL, NULL, NULL, NULL, '北京国大药房连锁有限公司永定门连锁店', '', '0'),
(8, '郝智敏', '5mg', '38', '20', NULL, NULL, NULL, '3', '2016-06-22', '', NULL, '120961207510', '2016-06-22', '2016-06-22', '1', '1', '1', '2016-06-22', NULL, '20', NULL, '20', NULL, '1466584164.0645', '北京国大药房连锁有限公司永定门连锁店', '', '0'),
(9, '郝智敏', '5mg', '54', '20', NULL, NULL, NULL, '3', '2016-07-22', '', NULL, '120961209787', '2016-07-22', '2016-07-22', '2', '1', '1', '2016-07-22', NULL, '20', NULL, '20', NULL, '1469149756.3599', '北京国大药房连锁有限公司永定门连锁店', '', '0'),
(10, '郝智敏', '1mg', '74', '10', NULL, NULL, NULL, '3', '2016-07-22', '', NULL, '120961209688', '2016-07-22', '2016-07-22', '3', '1', '1', '2016-07-22', NULL, '10', NULL, '10', NULL, '1469150086.4067', '北京国大药房连锁有限公司永定门连锁店', '', '0'),
(11, '郝智敏', '5mg', '84', '10', NULL, NULL, NULL, '3', '2016-07-22', '', NULL, '120961207510', '2016-07-22', '2016-07-22', '1', '1', '1', '2016-07-22', NULL, '10', NULL, '10', NULL, '1469164391.1836', '北京国大药房连锁有限公司永定门连锁店', '', '0'),
(12, '郝智敏', '5mg', '90', '50', NULL, NULL, NULL, '3', '2016-08-05', '', NULL, '120961207510', '2016-08-05', '2016-08-05', '1', '1', '1', '2016-08-05', NULL, '50', NULL, '50', NULL, '1470364072.948', '北京国大药房连锁有限公司永定门连锁店', '', '0'),
(13, '系统管理员', '1mg', '18', '100', NULL, NULL, NULL, '1', '2016-08-05', '', NULL, NULL, NULL, NULL, NULL, '1', NULL, '2016-08-05', NULL, '100', NULL, NULL, NULL, NULL, '南京医药药事服务有限公司第一药店', '', '0'),
(14, '系统管理员', '5mg', '18', '100', NULL, NULL, NULL, '1', '2016-08-05', '', NULL, NULL, NULL, NULL, NULL, '1', NULL, '2016-08-05', NULL, '100', NULL, NULL, NULL, NULL, '南京医药药事服务有限公司第一药店', '', '0'),
(15, '系统管理员', '1mg', '136', '5', NULL, NULL, NULL, '3', '2016-08-11', '测试', NULL, '000000000', '2016-08-11', '2016-08-11', '3', '1', '1', '2016-08-11', NULL, '5', NULL, '5', NULL, '1470917721.5748', '北京国大药房连锁有限公司永定门连锁店', '', '0'),
(16, '黄岩', '1mg', '30', '40', NULL, NULL, NULL, '0', '2016-08-11', NULL, NULL, NULL, NULL, NULL, NULL, NULL, NULL, NULL, NULL, NULL, NULL, NULL, NULL, NULL, '青岛惠友大药房有限责任公司', '', '0');

-- --------------------------------------------------------

--
-- 表的结构 `yfzyshd`
--

CREATE TABLE `yfzyshd` (
  `id` int(100) NOT NULL,
  `yshid` int(100) NOT NULL,
  `shqrq` varchar(100) NOT NULL,
  `shdrq` varchar(100) NOT NULL,
  `shdgg1` varchar(100) NOT NULL,
  `shdshl1` varchar(100) NOT NULL,
  `shdgg2` varchar(100) NOT NULL,
  `shdshl2` varchar(100) NOT NULL,
  `fyrq` varchar(100) NOT NULL,
  `jshyf` varchar(100) NOT NULL,
  `fyr` varchar(100) NOT NULL,
  `ypph` varchar(100) NOT NULL,
  `ydh` varchar(100) NOT NULL,
  `shhrq` varchar(100) NOT NULL,
  `shhr` varchar(100) NOT NULL
) ENGINE=MyISAM DEFAULT CHARSET=utf8;

-- --------------------------------------------------------

--
-- 表的结构 `ypname`
--

CREATE TABLE `ypname` (
  `id` int(10) UNSIGNED NOT NULL COMMENT '自增id',
  `ypname` varchar(255) NOT NULL DEFAULT '' COMMENT '药品名',
  `create_time` varchar(255) NOT NULL COMMENT '创建时间'
) ENGINE=InnoDB DEFAULT CHARSET=utf8 COMMENT='一线药品名';

--
-- 转存表中的数据 `ypname`
--

INSERT INTO `ypname` (`id`, `ypname`, `create_time`) VALUES
(1, '索坦', '1460531969'),
(2, '多吉美', '1462342804');

-- --------------------------------------------------------

--
-- 表的结构 `yxpgbg`
--

CREATE TABLE `yxpgbg` (
  `id` int(11) NOT NULL,
  `hzhid` varchar(100) DEFAULT NULL,
  `lrrq` varchar(100) DEFAULT NULL,
  `lrr` varchar(100) DEFAULT NULL,
  `lchzhd` varchar(100) DEFAULT NULL,
  `zhdrq` varchar(100) DEFAULT NULL,
  `zhlbl` varchar(100) DEFAULT NULL,
  `stkshfyshj` varchar(100) DEFAULT NULL,
  `tbrq` varchar(100) DEFAULT NULL,
  `jzhxgn` varchar(100) DEFAULT NULL,
  `gzgn` varchar(100) DEFAULT NULL,
  `shzgn` varchar(100) DEFAULT NULL,
  `shfhy` varchar(100) DEFAULT NULL,
  `chxxxzshj` varchar(100) DEFAULT NULL,
  `bwdxjt` varchar(100) DEFAULT NULL,
  `bwdxlych` varchar(100) DEFAULT NULL,
  `bglx` varchar(100) DEFAULT NULL,
  `bwdxjgs` varchar(100) DEFAULT NULL,
  `fshzhldfzyshfhj` varchar(100) DEFAULT NULL,
  `hxzhldfzyshfhj` varchar(100) DEFAULT NULL,
  `bzh` varchar(100) DEFAULT NULL,
  `jhsymtnfyshch` varchar(100) DEFAULT NULL,
  `shffshyzhfzy` varchar(100) DEFAULT NULL COMMENT '是否发生严重的副作用',
  `shfjyjxfyst` varchar(100) DEFAULT NULL COMMENT '是否建议继续服用索坦',
  `shffystbzh` varchar(100) DEFAULT NULL COMMENT '备注（不建议服用索坦时否时）',
  `zhzhxmshfcz` varchar(100) DEFAULT NULL COMMENT '其他终止项目的条件是否存在',
  `shffshfzyshmyy` varchar(100) DEFAULT NULL COMMENT '是否发生副作用说明原因'
) ENGINE=MyISAM DEFAULT CHARSET=utf8;

-- --------------------------------------------------------

--
-- 表的结构 `yxtjpg_new`
--

CREATE TABLE `yxtjpg_new` (
  `id` int(10) UNSIGNED NOT NULL COMMENT '自增id',
  `hzhid` int(10) UNSIGNED DEFAULT NULL COMMENT '患者id',
  `lrr` varchar(255) DEFAULT NULL COMMENT '录入人',
  `bying` varchar(255) DEFAULT NULL COMMENT '病因 细胞因子/酪氨酸激酶抑制剂',
  `xbyzzlsb` varchar(255) DEFAULT NULL COMMENT '细胞因子治疗失败-1疾病进展 2 不能忍受',
  `yuanyin` varchar(255) DEFAULT NULL COMMENT 'xbyzzlsb 字段选择不能忍受 填写的原因',
  `ypname` varchar(255) DEFAULT NULL COMMENT '药品名称',
  `zltime` varchar(255) DEFAULT NULL COMMENT '治疗时间',
  `yldstarttime` varchar(255) DEFAULT NULL COMMENT '英立达开始治疗时间',
  `yldrpg` varchar(255) DEFAULT NULL COMMENT '英立达治疗RECIST评估-cr,pr,sd,pd',
  `pdjssf` varchar(255) DEFAULT NULL COMMENT '若勾选PD则是否愿意接受辉瑞公司随访- 是 否',
  `pgtime` varchar(255) DEFAULT NULL COMMENT 'RECIST评估时间',
  `isfjxyxd` varchar(255) DEFAULT NULL COMMENT '是否继续服用英立达 - 是否',
  `patzdrcc` varchar(255) DEFAULT NULL COMMENT '该患者的诊断为,既往接受过一种酪氨酸激酶抑制剂或细胞因子治疗失败的进展期肾细胞癌（RCC）的成人患者',
  `isrz` varchar(255) DEFAULT NULL COMMENT '是否符合入组医学标准, 符合，不符合',
  `docname` varchar(255) DEFAULT NULL COMMENT '医生名字',
  `bctime` varchar(255) DEFAULT NULL COMMENT '本次就诊和填表日期',
  `addtime` varchar(50) DEFAULT NULL
) ENGINE=InnoDB DEFAULT CHARSET=utf8 COMMENT='医学条件评估';

--
-- 转存表中的数据 `yxtjpg_new`
--

INSERT INTO `yxtjpg_new` (`id`, `hzhid`, `lrr`, `bying`, `xbyzzlsb`, `yuanyin`, `ypname`, `zltime`, `yldstarttime`, `yldrpg`, `pdjssf`, `pgtime`, `isfjxyxd`, `patzdrcc`, `isrz`, `docname`, `bctime`, `addtime`) VALUES
(1, 1, '系统管理员', '酪氨酸激酶抑制剂', '疾病进展', '', '', '2013-02-01', '2015-09-10', 'SD', '', '2015-12-31', '', '1', '符合', '', '2015-12-31', NULL),
(2, 2, '系统管理员', '酪氨酸激酶抑制剂', '疾病进展', '', '索坦', '2013-10-01', '2015-09-29', 'PD', '2', '2016-01-19', '1', '1', '符合', '', '2016-01-19', NULL),
(3, 3, '系统管理员', '酪氨酸激酶抑制剂', '疾病进展', '', '索坦', '2014-02-01', '2015-12-08', 'SD', '', '2016-01-25', '1', '1', '符合', '', '2016-01-25', NULL),
(4, 4, '系统管理员', '酪氨酸激酶抑制剂', '疾病进展', '', '索坦', '2013-04-01', '2015-09-03', 'SD', '', '2015-12-23', '1', '1', '符合', '', '2015-12-23', NULL),
(5, 5, '系统管理员', '酪氨酸激酶抑制剂', '疾病进展', '', '索坦', '2014-09-01', '2015-09-29', 'SD', '', '2015-12-23', '1', '1', '符合', '', '2015-12-25', '2016-04-27 10:24:48'),
(6, 6, '系统管理员', '酪氨酸激酶抑制剂', '疾病进展', '', '索坦', '2015-12-01', '2015-12-07', 'SD', '', '2016-01-20', '1', '1', '符合', '', '2016-01-25', '2016-04-27 15:26:43'),
(7, 7, '系统管理员', '酪氨酸激酶抑制剂', '疾病进展', '', '多吉美', '2008-11-01', '2015-12-01', 'SD', '', '2016-03-16', '1', '1', '符合', '', '2016-03-16', '2016-05-04 14:35:17'),
(8, 8, '系统管理员', '酪氨酸激酶抑制剂', '疾病进展', '', '多吉美', '2012-05-04', '2016-04-13', 'CR', '', '2016-05-09', '1', '1', '符合', '', '2016-05-09', '2016-05-09 18:32:00'),
(9, 9, '系统管理员', '酪氨酸激酶抑制剂', '不能耐受', '副作用大', '多吉美', '2011-05-01', '2016-04-01', 'CR', '', '2016-05-09', '1', '1', '符合', '', '2016-05-09', '2016-05-09 18:49:40'),
(10, 10, '系统管理员', '酪氨酸激酶抑制剂', '不能耐受', '副作用太大', '索坦', '2015-05-01', '2016-04-01', 'CR', '', '2016-05-01', '1', '1', '符合', '', '2016-05-01', '2016-05-16 19:01:12'),
(11, 11, '系统管理员', '酪氨酸激酶抑制剂', '疾病进展', '', '索坦', '2013-10-01', '2015-09-29', 'PD', '1', '2016-01-19', '1', '1', '符合', '', '2016-01-19', '2016-06-07 09:19:37'),
(12, 12, '系统管理员', '酪氨酸激酶抑制剂', '不能耐受', '副作用大', '索坦', '2014-10-01', '2015-10-30', 'SD', '', '2016-01-11', '1', '1', '符合', '', '2016-01-11', '2016-06-07 10:36:41'),
(13, 13, '系统管理员', '酪氨酸激酶抑制剂', '疾病进展', '', '索坦', '2015-11-01', '2016-02-03', 'SD', '', '2016-03-09', '1', '1', '符合', '', '2016-06-07', '2016-06-22 15:43:57'),
(14, 14, '系统管理员', '酪氨酸激酶抑制剂', '疾病进展', '', '索坦', '2013-07-01', '2015-11-18', 'CR', '', '2016-01-12', '1', '1', '符合', '', '2016-01-15', '2016-06-22 15:57:47'),
(15, 15, '系统管理员', '酪氨酸激酶抑制剂', '疾病进展', '', '多吉美', '2015-06-04', '2016-04-01', 'SD', '', '2016-06-01', '1', '1', '符合', '', '2016-06-25', '2016-06-25 12:33:58'),
(16, 16, '系统管理员', '酪氨酸激酶抑制剂', '疾病进展', '', '索坦', '2016-04-01', '2016-04-20', 'SD', '', '2016-07-13', '1', '1', '符合', '', '2016-07-21', '2016-07-21 16:13:45'),
(17, 17, '系统管理员', '酪氨酸激酶抑制剂', '疾病进展', '', '', '2014-07-03', '2016-06-09', 'SD', '', '2016-07-10', '1', '1', '符合', '', '2016-07-18', '2016-07-24 14:19:43'),
(18, 18, '系统管理员', '酪氨酸激酶抑制剂', '疾病进展', '', '索坦', '2014-07-01', '2016-06-01', 'SD', '', '2016-07-25', '1', '1', '符合', '', '2016-07-26', '2016-07-26 15:51:24'),
(19, 19, '系统管理员', '酪氨酸激酶抑制剂', '疾病进展', '', '索坦', '2009-07-01', '2016-06-01', 'SD', '', '2016-07-25', '1', '1', '符合', '', '2016-07-26', '2016-07-26 16:18:04'),
(20, 20, '系统管理员', '酪氨酸激酶抑制剂', '疾病进展', '', '多吉美', '2013-07-01', '2016-04-01', 'SD', '', '2016-07-26', '1', '1', '符合', '', '2016-07-26', '2016-07-26 16:20:52'),
(21, 21, '系统管理员', '酪氨酸激酶抑制剂', '疾病进展', '', '多吉美', '2015-03-13', '2016-07-01', 'SD', '', '2016-08-01', '1', '1', '符合', '', '2016-08-01', '2016-08-05 14:09:04'),
(22, 22, '系统管理员', '酪氨酸激酶抑制剂', '疾病进展', '', '多吉美', '2015-08-13', '2016-07-04', 'SD', '', '2016-08-01', '1', '1', '符合', '', '2016-08-01', '2016-08-11 21:23:22'),
(23, 23, '系统管理员', '酪氨酸激酶抑制剂', '疾病进展', '', '索坦', '2015-08-01', '2016-07-01', 'SD', '', '2016-08-03', '1', '1', '符合', '', '2016-08-10', '2016-08-11 21:27:46'),
(24, 24, '李春蕾', '酪氨酸激酶抑制剂', '疾病进展', '', '索坦', '2015-08-11', '2016-07-05', 'SD', '', '2016-08-10', '1', '1', '符合', '', '2016-08-10', '2016-08-11 21:32:46');

-- --------------------------------------------------------

--
-- 表的结构 `yyhsh`
--

CREATE TABLE `yyhsh` (
  `id` int(100) NOT NULL,
  `hzhid` int(100) NOT NULL,
  `bzh` varchar(100) NOT NULL,
  `shdrq` varchar(100) NOT NULL,
  `jhshl` varchar(100) NOT NULL,
  `jbr` varchar(100) NOT NULL,
  `zht` varchar(100) NOT NULL
) ENGINE=MyISAM DEFAULT CHARSET=utf8;

-- --------------------------------------------------------

--
-- 表的结构 `yyyshdq`
--

CREATE TABLE `yyyshdq` (
  `id` int(100) NOT NULL,
  `sheng` varchar(100) NOT NULL,
  `shengjx` varchar(10) NOT NULL,
  `yymch` varchar(100) NOT NULL,
  `yymchjx` varchar(100) NOT NULL,
  `yyksh` varchar(100) DEFAULT NULL,
  `zhdysh` varchar(100) NOT NULL,
  `zhdyshdh` varchar(100) NOT NULL,
  `zhdyshyzh` varchar(100) NOT NULL,
  `shqysh1` varchar(100) DEFAULT NULL,
  `shqyshyzh1` varchar(100) DEFAULT NULL,
  `shqyshdh1` varchar(100) DEFAULT NULL,
  `shqysh2` varchar(100) DEFAULT NULL,
  `shqyshyzh2` varchar(100) DEFAULT NULL,
  `shqyshdh2` varchar(100) DEFAULT NULL,
  `shqysh3` varchar(100) DEFAULT NULL,
  `shqyshyzh3` varchar(100) DEFAULT NULL,
  `shqyshdh3` varchar(100) DEFAULT NULL,
  `yshpxqsh` varchar(100) NOT NULL,
  `yshpxrq` varchar(100) NOT NULL,
  `yydhz` varchar(100) NOT NULL,
  `yhszht` varchar(100) NOT NULL,
  `yyzhdyf` varchar(100) NOT NULL,
  `shfjshhf` varchar(100) NOT NULL,
  `shi` varchar(100) NOT NULL,
  `shijx` varchar(100) NOT NULL,
  `qu` varchar(100) NOT NULL,
  `qujx` varchar(100) NOT NULL,
  `zhlbzh` varchar(100) DEFAULT NULL,
  `zhdyshdh2` varchar(255) DEFAULT '',
  `zhdyshemail` varchar(255) DEFAULT '',
  `shqyshemail` varchar(255) DEFAULT ''
) ENGINE=MyISAM DEFAULT CHARSET=utf8;

--
-- 转存表中的数据 `yyyshdq`
--

INSERT INTO `yyyshdq` (`id`, `sheng`, `shengjx`, `yymch`, `yymchjx`, `yyksh`, `zhdysh`, `zhdyshdh`, `zhdyshyzh`, `shqysh1`, `shqyshyzh1`, `shqyshdh1`, `shqysh2`, `shqyshyzh2`, `shqyshdh2`, `shqysh3`, `shqyshyzh3`, `shqyshdh3`, `yshpxqsh`, `yshpxrq`, `yydhz`, `yhszht`, `yyzhdyf`, `shfjshhf`, `shi`, `shijx`, `qu`, `qujx`, `zhlbzh`, `zhdyshdh2`, `zhdyshemail`, `shqyshemail`) VALUES
(1, '', 'SF', '天津市肿瘤医院（天津医科大学肿瘤医院）', 'TJSZLYYTJYKDXZLYY', '泌尿肿瘤', '姚欣', '13803000688', '', '刁磊', '', '', '', '', '', '', '', '', '1', '2016-04-13', '体院北环湖西路', '1', '', '0', '', 'DJS', '', 'SXJS', '', '', '', ''),
(8, '江苏省', 'JSS', '南京鼓楼医院', 'NJGLYY', '泌尿外科', '郭宏骞', '15844556688', '', '', '', '', '', '', '', '', '', '', '第一期', '2015-12-20', '中山路321号', '1', '南京医药药事服务有限公司第一药店', '1', '南京市', 'NJS', '秦淮区', 'QHQ', '', '12555887748', 'guohongqian@163.com', ''),
(2, '黑龙江省', 'HLJS', '哈尔滨医科大学附属第二医院', 'HEBYKDXFSDEYY', '泌尿外科', '李学东', '13604803553', '', '', '', '', '', '', '', '', '', '', '第一期', '2015-12-20', '学府路246号', '1', '哈药集团医药有限公司新药特药商店', '1', '哈尔滨市', 'HEBS', '南岗区', 'NGQ', '', '0451-86297764', 'hydeywwh@163.com', ''),
(3, '山东省', 'SDS', '青岛大学附属医院', 'QDDXFSYY', '泌尿外科', '孙立江', '13361222898', '', '刘德华', '', '18566887878', '', '', '', '', '', '', '第一期', '2015-12-19', '江苏路16号', '1', '青岛惠友大药房有限责任公司', '1', '青岛市', 'QDS', '市南区', 'SNQ', '', '0532-82911329', 'slijiangqd@163.com', ''),
(4, '河南省', 'HNS', '河南省肿瘤医院', 'HNSZLYY', '泌尿外科', '何朝宏', '15981828716', '', '田沛', '', '13633850889', '', '', '', '', '', '', '第一期', '2015-12-19', '东明路127号', '1', '', '1', '郑州市', 'ZZS', '金水区', 'JSQ', '', '无', '15981828716@163.com', ''),
(5, '江西省', 'JXS', '江西省肿瘤医院', 'JXSZLYY', '泌尿外科', '涂新华', '13870628187', '', '', '', '', '', '', '', '', '', '', '第一期', '2015-12-19', '北京东路519号', '1', '南京医药药事服务有限公司第一药店', '1', '南昌市', 'NCS', '青山湖区', 'QSHQ', '', '0791-88313657', 'zhou629812@163.com', ''),
(6, '江苏省', 'JSS', '江苏省人民医院', 'JSSRMYY', '泌尿外科', '王增军', '13776612971', '', '李普', '', '13914789086', '', '', '', '', '', '', '第一期', '2015-12-19', '广州路300号', '1', '', '1', '南京市', 'NJS', '鼓楼区', 'GLQ', '', '025-83780079', 'zengjunwang2002@sina.com', ''),
(7, '河南省', 'HNS', '郑州大学第一附属医院', 'ZZDXDYFSYY', '肿瘤血液科', '樊青霞', '13939039058', '', '', '', '', '', '', '', '', '', '', '第一期', '2015-12-20', '建设东路1号', '1', '', '1', '郑州市', 'ZZS', '二七区', 'EQQ', '', '无', 'fqx2243@126.com', ''),
(9, '北京市', 'BJS', '中国人民解放军第三0七医院', 'ZGRMJFJDSQYY', '泌尿外科', '陈立军', '13910777307', '', '黄晨', '', '13426129080/010-66947323', '', '', '', '', '', '', '第一期', '2016-06-07', '东大街8号', '1', '北京国大药房连锁有限公司永定门连锁店', '1', '北京市', 'BJS', '丰台区', 'FTQ', '', '010-66947325', 'chenlj829@163.com', ''),
(10, '北京市', 'BJS', '中国医学科学院北京协和医院', 'ZGYXKXYBJXHYY', '泌尿外科', '李汉忠', '13901169107', '', '李永强', '', '13910280627', '', '', '', '', '', '', '第一期', '2015-12-20', '帅府园1号', '1', '北京国大药房连锁有限公司永定门连锁店', '1', '北京市', 'BJS', '东城区', 'DCQ', '', '010-69156035', 'lihanzhong@medmail.com.cn', '');

-- --------------------------------------------------------

--
-- 表的结构 `zhushi`
--

CREATE TABLE `zhushi` (
  `id` int(11) NOT NULL,
  `riqi` varchar(20) NOT NULL,
  `content` varchar(800) NOT NULL
) ENGINE=InnoDB DEFAULT CHARSET=utf8;

-- --------------------------------------------------------

--
-- 表的结构 `zhxqsh`
--

CREATE TABLE `zhxqsh` (
  `id` int(100) NOT NULL,
  `hzhid` int(100) NOT NULL,
  `xm` varchar(100) NOT NULL,
  `zhjhm` varchar(100) NOT NULL,
  `yhzhgx` varchar(100) NOT NULL,
  `bzh` varchar(100) DEFAULT NULL,
  `lxfsh` varchar(100) DEFAULT NULL,
  `jgzh` varchar(100) NOT NULL,
  `gxzf` varchar(100) NOT NULL DEFAULT '1',
  `nshr` varchar(100) DEFAULT NULL
) ENGINE=MyISAM DEFAULT CHARSET=utf8 COMMENT='患者亲属关系表';

--
-- 转存表中的数据 `zhxqsh`
--

INSERT INTO `zhxqsh` (`id`, `hzhid`, `xm`, `zhjhm`, `yhzhgx`, `bzh`, `lxfsh`, `jgzh`, `gxzf`, `nshr`) VALUES
(1, 1, '陈秀峰', '230602197112205722', '配偶', NULL, '13920220071', '', '1', '36000'),
(2, 1, '秦嘉悦', '120109199801216524', '女儿', NULL, '15022025398', '', '1', '0'),
(3, 1, '秦焕清', '232126194411120034', '父亲', NULL, '', '', '1', '25735.8'),
(4, 2, '李云', '23102719630813682X', '配偶', NULL, '18920552916', '', '0', '10200'),
(5, 2, '武云龙', '23038119890403681X', '儿子', NULL, '15620687965', '', '0', '18000'),
(6, 3, '孙英顕', '120106195507282515', '本人', NULL, '13516125647', '', '0', '71050'),
(7, 3, '温希俊', '120104199412042549', '配偶', NULL, '18920138787', '', '0', '47688'),
(8, 4, '张蕾', '230203198902260223', '本人', NULL, '13946292916', '', '0', '0'),
(9, 4, '张晓平', '230203196405020238', '父亲', NULL, '13813900501', '', '0', '16800'),
(10, 4, '罗桂莲', '230203196404120640', '母亲', NULL, '13905028066', '', '0', '16200'),
(11, 5, '刘振章', '232602194805261012', '本人', NULL, '13704563220', '', '0', '63934'),
(12, 5, '冀桂珍', '232602195003091028', '配偶', NULL, '18660259070', '', '0', '46788'),
(13, 5, '刘雪峰', '232602197704150245', '女儿', NULL, '18660259070', '', '0', '53308'),
(14, 5, '刘冀伟', '232602198008120223', '女儿', NULL, '18940081085', '', '0', '51000'),
(15, 6, '孟广平', '410203194609042038', '本人', NULL, '18100332329', '', '0', '51550'),
(16, 6, '谢桂兰', '410203194502162021', '配偶', NULL, '无', '', '0', '22420'),
(17, 6, '孟静华', '410203197802062042', '女儿', NULL, '13613820642', '', '0', '30000'),
(18, 6, '孟海涛', '410203197205202051', '儿子', NULL, '13603785110', '', '0', '40000'),
(19, 7, '雷历锋', '360203197110102010', '本人', NULL, '13879820098', '', '0', '19200'),
(20, 7, '雷洋', '360203199501181026', '女儿', NULL, '无', '', '0', '0'),
(21, 7, '付庆华', '360203194712282027', '母亲', NULL, '18179808815', '', '0', '25951.08'),
(22, 7, '雷金贵', '360203194803132016', '父亲', NULL, '13030504978', '', '0', '30587.28'),
(23, 7, 'xiaoming', '360203197110102010', '父亲', NULL, '13030504978', '', '1', '75738'),
(24, 8, '张三', '522635198708184662', '本人', NULL, '14844558877', '', '0', '12555'),
(25, 8, '二字', '52263519830114890X', '儿子', NULL, '13344556677', '', '0', '114455'),
(26, 8, '配瓯', '522635198001259181', '配偶', NULL, '13344556688', '', '0', '1220'),
(27, 8, '女二', '522635197809122343', '女儿', NULL, '13344556699', '', '0', '12000'),
(28, 8, '张三', '522635198708184662', '本人', NULL, '14844558877', '', '1', '12555'),
(29, 8, '二字', '52263519830114890X', '儿子', NULL, '13344556677', '', '1', '114455'),
(30, 8, '配瓯', '522635198001259181', '配偶', NULL, '13344556688', '', '1', '1220'),
(31, 8, '女二', '522635197809122343', '女儿', NULL, '13344556699', '', '1', '12000'),
(32, 9, '唐秀颖', '511702197409284963', '本人', NULL, '13528587889', '', '1', '12000'),
(33, 9, '卜雅艳', '51170219870626850X', '母亲', NULL, '13322558877', '', '1', '12222'),
(34, 9, '傅慧巧', '511702197506159005', '女儿', NULL, '13322558888', '', '1', '12223'),
(35, 10, '黄晓明', '330726196507040016', '本人', NULL, '13312341234', '', '1', '15000'),
(36, 10, '陶君华', '430421197710177894', '儿子', NULL, '13312341235', '', '1', '5000'),
(37, 10, '章根华', '330702194706165014', '配偶', NULL, '13312341236', '', '1', '5000'),
(38, 10, '章广伟', '330722197609192116', '女儿', NULL, '13312341237', '', '1', '5000'),
(39, 11, '张锦华', '320106195102022835', '本人', NULL, '13951919275', '', '1', '28800'),
(40, 11, '刘俐', '320106195202212847', '配偶', NULL, '13905178447', '', '1', '26400'),
(41, 11, '张轩', '320106197911110834', '儿子', NULL, '13770761088', '', '1', '30000'),
(42, 12, '邹欣然', '430626196408240061', '本人', NULL, '13874006808', '', '1', '21000'),
(43, 12, '欧阳蒲清', '430626195905090012', '配偶', NULL, '13974008808', '', '1', '36000'),
(44, 12, '欧阳帅捷', '430626199501300018', '儿子', NULL, '15652360581', '', '1', '0'),
(45, 12, '方檀兮', '430626193403055322', '母亲', NULL, '', '', '1', '0'),
(46, 13, '李文斌', '152101196512090630', '本人', NULL, '13604701158', '', '1', '40200'),
(47, 13, '赵银鸽', '150102196506262023', '配偶', NULL, '11394704111', '', '1', '42960'),
(48, 13, '李伯超', '210804199911043511', '女儿', NULL, '15070321252', '', '1', '0'),
(49, 14, '康浩伟', '130203198701261226', '本人', NULL, '15030560150', '', '1', '0'),
(50, 14, '刘阳', '130206198711011836', '配偶', NULL, '15933257587', '', '1', '36000'),
(51, 14, '康永跃', '13020219580322061X', '父亲', NULL, '15176711212', '', '1', '0'),
(52, 14, '张春花', '13020219620605032X', '母亲', NULL, '13231538101', '', '1', '0'),
(53, 14, '刘宸伊', '130203201211221920', '女儿', NULL, '', '', '1', '0'),
(54, 15, '刘祖全', '512501197203035172', '本人', NULL, '18614474774', '', '1', '12000'),
(55, 15, '张三', '51052119850508797x', '父亲', NULL, '13712345673', '', '1', '14000'),
(56, 15, '李四', '512501197506045175', '母亲', NULL, '13712345673', '', '1', '12000'),
(57, 15, '王五', '512501196512305186', '儿子', NULL, '13712345678', '', '1', '11000'),
(58, 16, '董学闯', '340822196611182411', '本人', NULL, '13795842788', '', '1', '0'),
(59, 16, '操银满', '340822196703072420', '配偶', NULL, '13568772625', '', '1', '0'),
(60, 16, '董超超', '340811199109155316', '儿子', NULL, '17730288009', '', '1', '30000'),
(61, 17, '多少分', '140104195904084118', '本人', NULL, '13803438618', '', '1', '12000'),
(62, 17, '老弟', '65010319730430321X', '配偶', NULL, '13935106107', '', '1', '5000'),
(63, 17, '阿斯蒂芬', '140102196506266516', '父亲', NULL, '13573603688', '', '1', '1000'),
(64, 18, '随访的', '410123195804101210', '本人', NULL, '037162632358', '', '1', '1200'),
(65, 18, '大哥', '420221196411122829', '配偶', NULL, '13703903059', '', '1', '2400'),
(66, 18, '里都是', '420221196410132814', '父亲', NULL, '037162632358', '', '1', '500'),
(67, 19, '杨振刚', '130802197102120212', '本人', NULL, '13832401922', '', '1', '5000'),
(68, 19, '艾美燕', '360681198507250025', '配偶', NULL, '13832401922', '', '1', '1000'),
(69, 20, '万火贵', '360622196006023941', '本人', NULL, '18797804277', '', '1', '5000'),
(70, 20, '艾美燕', '360681198507250025', '女儿', NULL, '17701897094', '', '1', '5000'),
(71, 20, '艾海燕', '360425197707172061', '女儿', NULL, '18214912082', '', '1', '5000'),
(72, 21, '杨向东', '330422196805150019', '本人', NULL, '15157306876', '', '1', '5000'),
(73, 21, '杨隽永', '330482200002153035', '儿子', NULL, '', '', '1', '0'),
(74, 21, '冯美华', '330421197106141525', '配偶', NULL, '13511383874', '', '1', '15000'),
(75, 22, '哈利路亚', '370205197405213513', '本人', NULL, '13888577878', '', '1', '50000'),
(76, 22, '李四', '370282197806180866', '配偶', NULL, '13558787878', '', '1', '50000'),
(77, 23, '你好', '230803197906010035', '本人', NULL, '13012345678', '', '1', '1000'),
(78, 23, '再见', '21031119851130004x', '父亲', NULL, '13112345678', '', '1', '2000'),
(79, 24, '谢谢', '210124198508162281', '本人', NULL, '13212345678', '', '1', '20000'),
(80, 24, '不客气', '370281197811137612', '配偶', NULL, '13812345678', '', '1', '10000');

-- --------------------------------------------------------

--
-- 表的结构 `zhyf`
--

CREATE TABLE `zhyf` (
  `id` int(11) NOT NULL,
  `hzhid` varchar(200) NOT NULL,
  `zhchyf` varchar(200) NOT NULL,
  `zhryf` varchar(200) NOT NULL,
  `czrq` varchar(200) NOT NULL,
  `czr` varchar(200) NOT NULL,
  `bzh` varchar(200) NOT NULL
) ENGINE=InnoDB DEFAULT CHARSET=utf8;

-- --------------------------------------------------------

--
-- 表的结构 `zhzh`
--

CREATE TABLE `zhzh` (
  `id` int(100) NOT NULL,
  `hzhid` int(100) NOT NULL,
  `shqrq` varchar(100) DEFAULT NULL,
  `ly` varchar(100) DEFAULT NULL,
  `zhzhzht` varchar(100) DEFAULT NULL,
  `zhzhyy` varchar(100) DEFAULT NULL,
  `zhzhysh` varchar(100) DEFAULT NULL,
  `zhzhrq` varchar(100) DEFAULT NULL,
  `jzhyy` varchar(100) DEFAULT NULL,
  `jzhysh` varchar(100) DEFAULT NULL,
  `jzhrq` varchar(100) DEFAULT NULL,
  `zhchyf` varchar(100) DEFAULT NULL,
  `zhryf` varchar(100) DEFAULT NULL,
  `jbrq` varchar(100) DEFAULT NULL,
  `xmbgshyj` varchar(100) DEFAULT NULL,
  `jbr` varchar(100) DEFAULT NULL,
  `bgshzhrqz` varchar(100) DEFAULT NULL,
  `zhzhyj` varchar(100) DEFAULT NULL,
  `jzhyj` varchar(100) DEFAULT NULL,
  `zhrqzrq` varchar(100) DEFAULT NULL
) ENGINE=MyISAM DEFAULT CHARSET=utf8;

--
-- 转存表中的数据 `zhzh`
--

INSERT INTO `zhzh` (`id`, `hzhid`, `shqrq`, `ly`, `zhzhzht`, `zhzhyy`, `zhzhysh`, `zhzhrq`, `jzhyy`, `jzhysh`, `jzhrq`, `zhchyf`, `zhryf`, `jbrq`, `xmbgshyj`, `jbr`, `bgshzhrqz`, `zhzhyj`, `jzhyj`, `zhrqzrq`) VALUES
(1, 6, '2016-03-22', '指定医生当地新增药房，项目办办理转诊', '申请已通过', '4', NULL, '2016-03-22', '2', NULL, '2016-03-22', '', '哈药集团医药有限公司新药特药商店', '2016-04-27', '同意', '1', NULL, '同意', '同意', '2016-03-22');

-- --------------------------------------------------------

--
-- 表的结构 `zyff`
--

CREATE TABLE `zyff` (
  `id` int(100) NOT NULL,
  `hzhid` int(100) DEFAULT NULL,
  `lycsh` varchar(100) DEFAULT NULL,
  `lyshl` varchar(100) DEFAULT NULL,
  `fyshl` varchar(100) DEFAULT NULL,
  `fyjl` varchar(100) DEFAULT NULL,
  `fyqshyl` varchar(100) DEFAULT NULL,
  `jhkpshl` varchar(100) DEFAULT NULL,
  `jhshyyyshl` varchar(100) DEFAULT NULL,
  `lyr` varchar(100) DEFAULT NULL,
  `gx` varchar(100) DEFAULT NULL,
  `lyrzhjhm` varchar(100) DEFAULT NULL,
  `rzyy` varchar(100) DEFAULT NULL,
  `zhshrzrq` varchar(100) DEFAULT NULL,
  `ygxcfyrq` varchar(100) DEFAULT NULL,
  `ygshcyyjshrq` varchar(100) DEFAULT NULL,
  `ygbcyykshrq` varchar(100) DEFAULT NULL,
  `bzh` varchar(100) DEFAULT NULL,
  `fyr` varchar(100) DEFAULT NULL,
  `yfmch` varchar(100) DEFAULT NULL,
  `fyrq` varchar(100) DEFAULT NULL,
  `ypph` varchar(100) DEFAULT NULL,
  `jhkpgg` varchar(100) DEFAULT NULL,
  `kpzht` varchar(100) DEFAULT NULL,
  `yyzht` varchar(100) DEFAULT NULL,
  `tshqk` varchar(100) DEFAULT NULL,
  `jlshjch` varchar(100) DEFAULT NULL,
  `kpdbpc` varchar(100) DEFAULT NULL,
  `yydbpc` varchar(100) DEFAULT NULL,
  `shdzhm` varchar(100) DEFAULT NULL,
  `zhjmch` varchar(100) DEFAULT NULL,
  `shouquanid` varchar(100) DEFAULT NULL,
  `hzhbzh` varchar(100) DEFAULT NULL,
  `shfyfp` varchar(100) DEFAULT NULL,
  `zfykpshl` varchar(100) DEFAULT NULL,
  `yyyf` varchar(100) DEFAULT NULL COMMENT '用药用法',
  `zyffzht` varchar(200) DEFAULT NULL,
  `pshu1` varchar(10) DEFAULT NULL,
  `pihao2` varchar(20) DEFAULT NULL,
  `pshu2` varchar(10) DEFAULT NULL
) ENGINE=MyISAM DEFAULT CHARSET=utf8;

--
-- 转存表中的数据 `zyff`
--

INSERT INTO `zyff` (`id`, `hzhid`, `lycsh`, `lyshl`, `fyshl`, `fyjl`, `fyqshyl`, `jhkpshl`, `jhshyyyshl`, `lyr`, `gx`, `lyrzhjhm`, `rzyy`, `zhshrzrq`, `ygxcfyrq`, `ygshcyyjshrq`, `ygbcyykshrq`, `bzh`, `fyr`, `yfmch`, `fyrq`, `ypph`, `jhkpgg`, `kpzht`, `yyzht`, `tshqk`, `jlshjch`, `kpdbpc`, `yydbpc`, `shdzhm`, `zhjmch`, `shouquanid`, `hzhbzh`, `shfyfp`, `zfykpshl`, `yyyf`, `zyffzht`, `pshu1`, `pihao2`, `pshu2`) VALUES
(1, 2, '1', '2', '2', '5mg*28片/盒', '0', NULL, NULL, '武俊峰', '本人', '231027196302056810', '1', '2016-04-13', '2016-05-30', NULL, NULL, NULL, '系统管理员', '天津国大药房连锁有限公司渤海店', '2016-05-09', 'M07632', NULL, '1', '1', '0', NULL, NULL, NULL, NULL, NULL, NULL, NULL, NULL, NULL, NULL, NULL, '0', NULL, NULL),
(2, 0, '1', '', '', '1mg*14片/盒', '', NULL, NULL, '', '本人', '', '', '', '', NULL, NULL, NULL, '', '', '2016-05-12', '', NULL, '1', '1', '0', NULL, NULL, NULL, NULL, NULL, NULL, NULL, NULL, NULL, NULL, NULL, '', NULL, NULL),
(3, 9, '1', '2', '2', '5mg*28片/盒', '0', NULL, NULL, '唐秀颖', '本人', '511702197409284963', '8', '2016-05-12', '2016-06-05', NULL, NULL, NULL, '丁娴', '南京医药药事服务有限公司第一药店', '2016-05-15', 'M38956', NULL, '1', '1', '0', NULL, NULL, NULL, NULL, NULL, NULL, NULL, NULL, NULL, NULL, NULL, '0', NULL, NULL),
(4, 9, NULL, NULL, NULL, NULL, NULL, '1', '5', '0', '', '', NULL, NULL, NULL, NULL, NULL, NULL, '丁娴', '南京医药药事服务有限公司第一药店', '2016-05-15', NULL, '0', '1', '1', '1', NULL, NULL, NULL, NULL, NULL, NULL, NULL, NULL, NULL, NULL, NULL, NULL, NULL, NULL),
(5, 10, '1', '2', '2', '5mg*28片/盒', '0', NULL, NULL, '黄晓明', '本人', '330726196507040016', '3', '2016-05-16', '2016-06-06', NULL, NULL, NULL, '黄岩', '青岛惠友大药房有限责任公司', '2016-05-16', 'M07632', NULL, '1', '1', '0', NULL, NULL, NULL, NULL, NULL, NULL, NULL, NULL, NULL, NULL, NULL, '0', NULL, NULL),
(6, 12, '1', '2', '2', '1mg*14片/盒', '0', '2', '0', '邹欣然', '本人', '430626196408240061', '9', '2016-06-07', '', '', '', '', '郝智敏', '北京国大药房连锁有限公司永定门连锁店', '2016-06-22', 'M07632', NULL, NULL, NULL, '0', NULL, NULL, NULL, NULL, NULL, NULL, NULL, NULL, NULL, NULL, NULL, NULL, NULL, NULL),
(7, 12, NULL, NULL, NULL, NULL, NULL, '2', '0', '0', '', '', NULL, NULL, NULL, NULL, NULL, NULL, '郝智敏', '北京国大药房连锁有限公司永定门连锁店', '2016-06-25', NULL, '0', '3', '1', '1', NULL, '1', NULL, NULL, NULL, NULL, NULL, NULL, NULL, NULL, NULL, NULL, NULL, NULL),
(8, 15, NULL, NULL, NULL, NULL, NULL, '1', '24', '0', '', '', NULL, NULL, NULL, NULL, NULL, NULL, '郝智敏', '北京国大药房连锁有限公司永定门连锁店', '2016-06-25', NULL, '0', '3', '2', '1', NULL, '2', '1', NULL, NULL, NULL, NULL, NULL, NULL, NULL, NULL, NULL, NULL, NULL),
(9, 12, '2', '2', '2', '1mg*14片/盒', '0', '2', '0', '邹欣然', '本人', '430626196408240061', '9', '2016-06-07', '', '', '', '', '系统管理员', '北京国大药房连锁有限公司永定门连锁店', '2016-07-18', '未知批号', NULL, NULL, NULL, '0', NULL, NULL, NULL, NULL, NULL, NULL, NULL, NULL, NULL, NULL, NULL, NULL, NULL, NULL),
(10, 15, '1', '2', '2', '1mg*14片/盒', '0', '2', '0', '刘祖全', '本人', '512501197203035172', '10', '2016-06-25', '', '', '', '', '系统管理员', '北京国大药房连锁有限公司永定门连锁店', '2016-07-18', '未知批号', NULL, NULL, NULL, '0', NULL, NULL, NULL, NULL, NULL, NULL, NULL, NULL, NULL, NULL, NULL, NULL, NULL, NULL),
(11, 12, '3', '', '', '1mg*14片/盒', '0', '', '0', '邹欣然', '本人', '430626196408240061', '9', '2016-06-07', '', '', '', '', '系统管理员', '北京国大药房连锁有限公司永定门连锁店', '2016-07-18', '未知批号', NULL, NULL, NULL, '0', NULL, NULL, NULL, NULL, NULL, NULL, NULL, NULL, NULL, NULL, NULL, NULL, NULL, NULL),
(12, 17, '1', '2', '2', '1mg*14片/盒', '0', '2', '0', '多少分', '本人', '140104195904084118', '10', '2016-07-24', '', '', '', '', '郝智敏', '北京国大药房连锁有限公司永定门连锁店', '2016-07-24', '未知批号', NULL, NULL, NULL, '0', NULL, NULL, NULL, NULL, NULL, NULL, NULL, NULL, NULL, NULL, NULL, NULL, NULL, NULL),
(13, 17, NULL, NULL, NULL, NULL, NULL, '0', '11', '多少分', '本人', '身份证:140104195904084118', NULL, NULL, NULL, NULL, NULL, NULL, '郝智敏', '北京国大药房连锁有限公司永定门连锁店', '2016-07-24', NULL, '0', '1', '1', '1', NULL, NULL, NULL, NULL, NULL, NULL, NULL, NULL, NULL, NULL, NULL, NULL, NULL, NULL),
(14, 12, '4', '2', '2', '5mg*28片/盒', '2558', '', '0', '邹欣然', '本人', '430626196408240061', '9', '2016-06-07', '', '', '', '', '系统管理员', '北京国大药房连锁有限公司永定门连锁店', '2016-08-02', 'M38956', NULL, '1', NULL, '0', NULL, NULL, NULL, NULL, NULL, NULL, NULL, NULL, NULL, NULL, NULL, NULL, NULL, NULL),
(15, 12, '5', '2', '2', '5mg*28片/盒', '200', '', '0', '邹欣然', '本人', '430626196408240061', '9', '2016-06-07', '', '', '', '', '郝智敏', '北京国大药房连锁有限公司永定门连锁店', '2016-08-05', 'M07632', NULL, '1', NULL, '0', NULL, NULL, NULL, NULL, NULL, NULL, NULL, NULL, NULL, NULL, NULL, NULL, NULL, NULL),
(16, 12, '6', '2', '2', '5mg*28片/盒', '2556', '', '0', '邹欣然', '本人', '430626196408240061', '9', '2016-06-07', '', '', '', '', '系统管理员', '北京国大药房连锁有限公司永定门连锁店', '2016-08-05', 'M38956', NULL, '1', NULL, '0', NULL, NULL, NULL, NULL, NULL, NULL, NULL, NULL, NULL, NULL, NULL, NULL, NULL, NULL),
(17, 21, '1', '2', '2', '5mg*28片/盒', '198', '10', '0', '杨向东', '本人', '330422196805150019', '3', '2016-08-05', '', '', '', '', '黄岩', '青岛惠友大药房有限责任公司', '2016-08-05', 'M07632', NULL, '1', NULL, '0', NULL, NULL, NULL, NULL, NULL, NULL, NULL, NULL, NULL, NULL, NULL, NULL, NULL, NULL),
(18, 9, '2', '2', '2', '5mg*28片/盒', '0', '', '0', '唐秀颖', '本人', '511702197409284963', '8', '2016-05-12', '', '', '', '', '系统管理员', '南京医药药事服务有限公司第一药店', '2016-08-09', 'M07632', NULL, '1', NULL, '0', NULL, NULL, NULL, NULL, NULL, NULL, NULL, NULL, NULL, NULL, NULL, NULL, NULL, NULL),
(19, 15, '2', '12', '12', '1mg*14片/盒', '15', '', '0', '刘祖全', '本人', '512501197203035172', '10', '2016-06-25', '', '', '', '', '系统管理员', '北京国大药房连锁有限公司永定门连锁店', '2016-08-11', 'M38954', NULL, '1', NULL, '0', NULL, NULL, NULL, NULL, NULL, NULL, NULL, NULL, NULL, NULL, NULL, NULL, NULL, NULL),
(20, 12, '7', '2', '2', '5mg*28片/盒', '96', '', '0', '邹欣然', '本人', '430626196408240061', '9', '2016-06-07', '', '', '', '', '郝智敏', '北京国大药房连锁有限公司永定门连锁店', '2016-08-11', 'M07632', NULL, '1', NULL, '0', NULL, NULL, NULL, NULL, NULL, NULL, NULL, NULL, NULL, NULL, NULL, NULL, NULL, NULL),
(21, 21, '2', '2', '2', '5mg*28片/盒', '40', '', '0', '杨向东', '本人', '330422196805150019', '3', '2016-08-05', '', '', '', '', '黄岩', '青岛惠友大药房有限责任公司', '2016-08-11', 'M07632', NULL, '1', NULL, '0', NULL, NULL, NULL, NULL, NULL, NULL, NULL, NULL, NULL, NULL, NULL, NULL, NULL, NULL),
(22, 22, '1', '2', '2', '5mg*28片/盒', '34', '10', '0', '哈利路亚', '本人', '370205197405213513', '3', '2016-08-11', '', '', '', '', '黄岩', '青岛惠友大药房有限责任公司', '2016-08-11', 'M07632', NULL, '1', NULL, '0', NULL, NULL, NULL, NULL, NULL, NULL, NULL, NULL, NULL, NULL, NULL, NULL, NULL, NULL),
(23, 23, '1', '2', '2', '5mg*28片/盒', '32', '10', '0', '你好', '本人', '210421198403162020', '3', '2016-08-11', '', '', '', '', '黄岩', '青岛惠友大药房有限责任公司', '2016-08-11', 'M07632', NULL, '1', NULL, '0', NULL, NULL, NULL, NULL, NULL, NULL, NULL, NULL, NULL, NULL, NULL, NULL, NULL, NULL);

-- --------------------------------------------------------

--
-- 表的结构 `zyff_2014-12-10`
--

CREATE TABLE `zyff_2014-12-10` (
  `id` int(100) NOT NULL,
  `hzhid` int(100) DEFAULT NULL,
  `lycsh` varchar(100) DEFAULT NULL,
  `lyshl` varchar(100) DEFAULT NULL,
  `fyshl` varchar(100) DEFAULT NULL,
  `fyjl` varchar(100) DEFAULT NULL,
  `fyqshyl` varchar(100) DEFAULT NULL,
  `jhkpshl` varchar(100) DEFAULT NULL,
  `jhshyyyshl` varchar(100) DEFAULT NULL,
  `lyr` varchar(100) DEFAULT NULL,
  `gx` varchar(100) DEFAULT NULL,
  `lyrzhjhm` varchar(100) DEFAULT NULL,
  `rzyy` varchar(100) DEFAULT NULL,
  `zhshrzrq` varchar(100) DEFAULT NULL,
  `ygxcfyrq` varchar(100) DEFAULT NULL,
  `ygshcyyjshrq` varchar(100) DEFAULT NULL,
  `ygbcyykshrq` varchar(100) DEFAULT NULL,
  `bzh` varchar(100) DEFAULT NULL,
  `fyr` varchar(100) DEFAULT NULL,
  `yfmch` varchar(100) DEFAULT NULL,
  `fyrq` varchar(100) DEFAULT NULL,
  `ypph` varchar(100) DEFAULT NULL,
  `jhkpgg` varchar(100) DEFAULT NULL,
  `kpzht` varchar(100) DEFAULT NULL,
  `yyzht` varchar(100) DEFAULT NULL,
  `tshqk` varchar(100) DEFAULT NULL,
  `jlshjch` varchar(100) DEFAULT NULL,
  `kpdbpc` varchar(100) DEFAULT NULL,
  `yydbpc` varchar(100) DEFAULT NULL,
  `shdzhm` varchar(100) DEFAULT NULL,
  `zhjmch` varchar(100) DEFAULT NULL,
  `shouquanid` varchar(100) DEFAULT NULL,
  `hzhbzh` varchar(100) DEFAULT NULL,
  `shfyfp` varchar(100) DEFAULT NULL,
  `zfykpshl` varchar(100) DEFAULT NULL,
  `yyyf` varchar(100) DEFAULT NULL COMMENT '用药用法',
  `zyffzht` varchar(200) DEFAULT NULL
) ENGINE=MyISAM DEFAULT CHARSET=utf8;

--
-- Indexes for dumped tables
--

--
-- Indexes for table `blshj`
--
ALTER TABLE `blshj`
  ADD PRIMARY KEY (`id`);

--
-- Indexes for table `cblxdq`
--
ALTER TABLE `cblxdq`
  ADD PRIMARY KEY (`id`);

--
-- Indexes for table `cfcbbfb`
--
ALTER TABLE `cfcbbfb`
  ADD PRIMARY KEY (`id`);

--
-- Indexes for table `cfclsdj`
--
ALTER TABLE `cfclsdj`
  ADD PRIMARY KEY (`id`);

--
-- Indexes for table `cfcyy`
--
ALTER TABLE `cfcyy`
  ADD PRIMARY KEY (`id`);

--
-- Indexes for table `clshh`
--
ALTER TABLE `clshh`
  ADD PRIMARY KEY (`id`);

--
-- Indexes for table `clshhmch`
--
ALTER TABLE `clshhmch`
  ADD PRIMARY KEY (`id`);

--
-- Indexes for table `czrzh`
--
ALTER TABLE `czrzh`
  ADD PRIMARY KEY (`id`);

--
-- Indexes for table `fayao_cflyinfo`
--
ALTER TABLE `fayao_cflyinfo`
  ADD PRIMARY KEY (`id`);

--
-- Indexes for table `fayao_patxdinfo`
--
ALTER TABLE `fayao_patxdinfo`
  ADD PRIMARY KEY (`id`);

--
-- Indexes for table `fayao_patyxpg`
--
ALTER TABLE `fayao_patyxpg`
  ADD PRIMARY KEY (`id`);

--
-- Indexes for table `fyzhl`
--
ALTER TABLE `fyzhl`
  ADD PRIMARY KEY (`id`);

--
-- Indexes for table `gdkphsh`
--
ALTER TABLE `gdkphsh`
  ADD PRIMARY KEY (`id`);

--
-- Indexes for table `hrfpdj`
--
ALTER TABLE `hrfpdj`
  ADD PRIMARY KEY (`id`);

--
-- Indexes for table `hzh`
--
ALTER TABLE `hzh`
  ADD PRIMARY KEY (`id`);

--
-- Indexes for table `hzhrz`
--
ALTER TABLE `hzhrz`
  ADD PRIMARY KEY (`id`);

--
-- Indexes for table `kfkc`
--
ALTER TABLE `kfkc`
  ADD PRIMARY KEY (`id`);

--
-- Indexes for table `kfkcgl`
--
ALTER TABLE `kfkcgl`
  ADD PRIMARY KEY (`id`);

--
-- Indexes for table `kfkcpd`
--
ALTER TABLE `kfkcpd`
  ADD PRIMARY KEY (`id`);

--
-- Indexes for table `kfkcpdmx`
--
ALTER TABLE `kfkcpdmx`
  ADD PRIMARY KEY (`id`);

--
-- Indexes for table `kfrk`
--
ALTER TABLE `kfrk`
  ADD PRIMARY KEY (`id`);

--
-- Indexes for table `kphsh`
--
ALTER TABLE `kphsh`
  ADD PRIMARY KEY (`id`);

--
-- Indexes for table `kpyyhsh`
--
ALTER TABLE `kpyyhsh`
  ADD PRIMARY KEY (`id`);

--
-- Indexes for table `manager`
--
ALTER TABLE `manager`
  ADD PRIMARY KEY (`id`),
  ADD KEY `names` (`names`);

--
-- Indexes for table `patient_account`
--
ALTER TABLE `patient_account`
  ADD PRIMARY KEY (`pat_uid`);

--
-- Indexes for table `psyp`
--
ALTER TABLE `psyp`
  ADD PRIMARY KEY (`id`);

--
-- Indexes for table `psypjh`
--
ALTER TABLE `psypjh`
  ADD PRIMARY KEY (`id`);

--
-- Indexes for table `sce_question`
--
ALTER TABLE `sce_question`
  ADD PRIMARY KEY (`q_id`);

--
-- Indexes for table `sfshc`
--
ALTER TABLE `sfshc`
  ADD PRIMARY KEY (`id`);

--
-- Indexes for table `shhdch`
--
ALTER TABLE `shhdch`
  ADD PRIMARY KEY (`id`);

--
-- Indexes for table `shhejl`
--
ALTER TABLE `shhejl`
  ADD PRIMARY KEY (`id`);

--
-- Indexes for table `shhjl`
--
ALTER TABLE `shhjl`
  ADD PRIMARY KEY (`id`),
  ADD KEY `hzhid` (`hzhid`);

--
-- Indexes for table `thyf`
--
ALTER TABLE `thyf`
  ADD PRIMARY KEY (`id`);

--
-- Indexes for table `tsdh`
--
ALTER TABLE `tsdh`
  ADD PRIMARY KEY (`id`);

--
-- Indexes for table `tshzhtzyfy`
--
ALTER TABLE `tshzhtzyfy`
  ADD PRIMARY KEY (`id`);

--
-- Indexes for table `tshzhtzyfywu`
--
ALTER TABLE `tshzhtzyfywu`
  ADD PRIMARY KEY (`id`);

--
-- Indexes for table `xalkoriyyyf`
--
ALTER TABLE `xalkoriyyyf`
  ADD PRIMARY KEY (`id`);

--
-- Indexes for table `xclyrq`
--
ALTER TABLE `xclyrq`
  ADD PRIMARY KEY (`id`);

--
-- Indexes for table `xgyxx`
--
ALTER TABLE `xgyxx`
  ADD PRIMARY KEY (`id`);

--
-- Indexes for table `xgyyshxmclshq`
--
ALTER TABLE `xgyyshxmclshq`
  ADD PRIMARY KEY (`id`);

--
-- Indexes for table `xjsfjl`
--
ALTER TABLE `xjsfjl`
  ADD PRIMARY KEY (`id`);

--
-- Indexes for table `xtggxx`
--
ALTER TABLE `xtggxx`
  ADD PRIMARY KEY (`id`);

--
-- Indexes for table `yf`
--
ALTER TABLE `yf`
  ADD PRIMARY KEY (`id`);

--
-- Indexes for table `yfdb`
--
ALTER TABLE `yfdb`
  ADD PRIMARY KEY (`id`);

--
-- Indexes for table `yfshqsc`
--
ALTER TABLE `yfshqsc`
  ADD PRIMARY KEY (`id`);

--
-- Indexes for table `yfshqzy`
--
ALTER TABLE `yfshqzy`
  ADD PRIMARY KEY (`id`);

--
-- Indexes for table `yfzyshd`
--
ALTER TABLE `yfzyshd`
  ADD PRIMARY KEY (`id`);

--
-- Indexes for table `ypname`
--
ALTER TABLE `ypname`
  ADD PRIMARY KEY (`id`);

--
-- Indexes for table `yxpgbg`
--
ALTER TABLE `yxpgbg`
  ADD PRIMARY KEY (`id`);

--
-- Indexes for table `yxtjpg_new`
--
ALTER TABLE `yxtjpg_new`
  ADD PRIMARY KEY (`id`);

--
-- Indexes for table `yyhsh`
--
ALTER TABLE `yyhsh`
  ADD PRIMARY KEY (`id`);

--
-- Indexes for table `yyyshdq`
--
ALTER TABLE `yyyshdq`
  ADD PRIMARY KEY (`id`);

--
-- Indexes for table `zhushi`
--
ALTER TABLE `zhushi`
  ADD PRIMARY KEY (`id`);

--
-- Indexes for table `zhxqsh`
--
ALTER TABLE `zhxqsh`
  ADD PRIMARY KEY (`id`);

--
-- Indexes for table `zhyf`
--
ALTER TABLE `zhyf`
  ADD PRIMARY KEY (`id`);

--
-- Indexes for table `zhzh`
--
ALTER TABLE `zhzh`
  ADD PRIMARY KEY (`id`);

--
-- Indexes for table `zyff`
--
ALTER TABLE `zyff`
  ADD PRIMARY KEY (`id`);

--
-- Indexes for table `zyff_2014-12-10`
--
ALTER TABLE `zyff_2014-12-10`
  ADD PRIMARY KEY (`id`);

--
-- 在导出的表使用AUTO_INCREMENT
--

--
-- 使用表AUTO_INCREMENT `blshj`
--
ALTER TABLE `blshj`
  MODIFY `id` int(100) NOT NULL AUTO_INCREMENT, AUTO_INCREMENT=2;
--
-- 使用表AUTO_INCREMENT `cblxdq`
--
ALTER TABLE `cblxdq`
  MODIFY `id` int(11) NOT NULL AUTO_INCREMENT;
--
-- 使用表AUTO_INCREMENT `cfcbbfb`
--
ALTER TABLE `cfcbbfb`
  MODIFY `id` int(11) NOT NULL AUTO_INCREMENT;
--
-- 使用表AUTO_INCREMENT `cfclsdj`
--
ALTER TABLE `cfclsdj`
  MODIFY `id` int(21) NOT NULL AUTO_INCREMENT COMMENT 'id';
--
-- 使用表AUTO_INCREMENT `cfcyy`
--
ALTER TABLE `cfcyy`
  MODIFY `id` int(11) NOT NULL AUTO_INCREMENT, AUTO_INCREMENT=2;
--
-- 使用表AUTO_INCREMENT `clshh`
--
ALTER TABLE `clshh`
  MODIFY `id` int(11) NOT NULL AUTO_INCREMENT, AUTO_INCREMENT=24;
--
-- 使用表AUTO_INCREMENT `clshhmch`
--
ALTER TABLE `clshhmch`
  MODIFY `id` int(100) NOT NULL AUTO_INCREMENT, AUTO_INCREMENT=23;
--
-- 使用表AUTO_INCREMENT `czrzh`
--
ALTER TABLE `czrzh`
  MODIFY `id` int(100) NOT NULL AUTO_INCREMENT;
--
-- 使用表AUTO_INCREMENT `fayao_cflyinfo`
--
ALTER TABLE `fayao_cflyinfo`
  MODIFY `id` int(10) UNSIGNED NOT NULL AUTO_INCREMENT COMMENT '自增id', AUTO_INCREMENT=24;
--
-- 使用表AUTO_INCREMENT `fayao_patxdinfo`
--
ALTER TABLE `fayao_patxdinfo`
  MODIFY `id` int(10) UNSIGNED NOT NULL AUTO_INCREMENT COMMENT '自增id', AUTO_INCREMENT=24;
--
-- 使用表AUTO_INCREMENT `fayao_patyxpg`
--
ALTER TABLE `fayao_patyxpg`
  MODIFY `id` int(10) UNSIGNED NOT NULL AUTO_INCREMENT COMMENT '自增id', AUTO_INCREMENT=24;
--
-- 使用表AUTO_INCREMENT `fyzhl`
--
ALTER TABLE `fyzhl`
  MODIFY `id` int(100) NOT NULL AUTO_INCREMENT;
--
-- 使用表AUTO_INCREMENT `gdkphsh`
--
ALTER TABLE `gdkphsh`
  MODIFY `id` int(11) NOT NULL AUTO_INCREMENT, AUTO_INCREMENT=3;
--
-- 使用表AUTO_INCREMENT `hrfpdj`
--
ALTER TABLE `hrfpdj`
  MODIFY `id` int(11) NOT NULL AUTO_INCREMENT;
--
-- 使用表AUTO_INCREMENT `hzh`
--
ALTER TABLE `hzh`
  MODIFY `id` int(100) NOT NULL AUTO_INCREMENT, AUTO_INCREMENT=25;
--
-- 使用表AUTO_INCREMENT `hzhrz`
--
ALTER TABLE `hzhrz`
  MODIFY `id` int(11) NOT NULL AUTO_INCREMENT, AUTO_INCREMENT=16;
--
-- 使用表AUTO_INCREMENT `kfkc`
--
ALTER TABLE `kfkc`
  MODIFY `id` int(100) NOT NULL AUTO_INCREMENT;
--
-- 使用表AUTO_INCREMENT `kfkcgl`
--
ALTER TABLE `kfkcgl`
  MODIFY `id` int(100) NOT NULL AUTO_INCREMENT;
--
-- 使用表AUTO_INCREMENT `kfkcpd`
--
ALTER TABLE `kfkcpd`
  MODIFY `id` int(11) NOT NULL AUTO_INCREMENT, AUTO_INCREMENT=4;
--
-- 使用表AUTO_INCREMENT `kfkcpdmx`
--
ALTER TABLE `kfkcpdmx`
  MODIFY `id` int(11) NOT NULL AUTO_INCREMENT, AUTO_INCREMENT=5;
--
-- 使用表AUTO_INCREMENT `kfrk`
--
ALTER TABLE `kfrk`
  MODIFY `id` int(21) NOT NULL AUTO_INCREMENT, AUTO_INCREMENT=4;
--
-- 使用表AUTO_INCREMENT `kphsh`
--
ALTER TABLE `kphsh`
  MODIFY `id` int(100) NOT NULL AUTO_INCREMENT;
--
-- 使用表AUTO_INCREMENT `kpyyhsh`
--
ALTER TABLE `kpyyhsh`
  MODIFY `id` int(11) NOT NULL AUTO_INCREMENT;
--
-- 使用表AUTO_INCREMENT `manager`
--
ALTER TABLE `manager`
  MODIFY `id` int(100) NOT NULL AUTO_INCREMENT, AUTO_INCREMENT=11;
--
-- 使用表AUTO_INCREMENT `patient_account`
--
ALTER TABLE `patient_account`
  MODIFY `pat_uid` int(10) UNSIGNED NOT NULL AUTO_INCREMENT COMMENT '患者uid';
--
-- 使用表AUTO_INCREMENT `psyp`
--
ALTER TABLE `psyp`
  MODIFY `id` int(11) NOT NULL AUTO_INCREMENT, AUTO_INCREMENT=3;
--
-- 使用表AUTO_INCREMENT `psypjh`
--
ALTER TABLE `psypjh`
  MODIFY `id` int(11) NOT NULL AUTO_INCREMENT, AUTO_INCREMENT=3;
--
-- 使用表AUTO_INCREMENT `sce_question`
--
ALTER TABLE `sce_question`
  MODIFY `q_id` int(10) UNSIGNED NOT NULL AUTO_INCREMENT COMMENT '密保问题';
--
-- 使用表AUTO_INCREMENT `sfshc`
--
ALTER TABLE `sfshc`
  MODIFY `id` int(100) NOT NULL AUTO_INCREMENT, AUTO_INCREMENT=16;
--
-- 使用表AUTO_INCREMENT `shhdch`
--
ALTER TABLE `shhdch`
  MODIFY `id` int(100) NOT NULL AUTO_INCREMENT, AUTO_INCREMENT=18;
--
-- 使用表AUTO_INCREMENT `shhejl`
--
ALTER TABLE `shhejl`
  MODIFY `id` int(11) NOT NULL AUTO_INCREMENT, AUTO_INCREMENT=55;
--
-- 使用表AUTO_INCREMENT `shhjl`
--
ALTER TABLE `shhjl`
  MODIFY `id` int(11) NOT NULL AUTO_INCREMENT;
--
-- 使用表AUTO_INCREMENT `thyf`
--
ALTER TABLE `thyf`
  MODIFY `id` int(11) NOT NULL AUTO_INCREMENT;
--
-- 使用表AUTO_INCREMENT `tsdh`
--
ALTER TABLE `tsdh`
  MODIFY `id` int(11) NOT NULL AUTO_INCREMENT;
--
-- 使用表AUTO_INCREMENT `tshzhtzyfy`
--
ALTER TABLE `tshzhtzyfy`
  MODIFY `id` int(11) NOT NULL AUTO_INCREMENT;
--
-- 使用表AUTO_INCREMENT `tshzhtzyfywu`
--
ALTER TABLE `tshzhtzyfywu`
  MODIFY `id` int(11) NOT NULL AUTO_INCREMENT, AUTO_INCREMENT=7;
--
-- 使用表AUTO_INCREMENT `xalkoriyyyf`
--
ALTER TABLE `xalkoriyyyf`
  MODIFY `id` int(11) NOT NULL AUTO_INCREMENT;
--
-- 使用表AUTO_INCREMENT `xclyrq`
--
ALTER TABLE `xclyrq`
  MODIFY `id` int(11) NOT NULL AUTO_INCREMENT, AUTO_INCREMENT=40;
--
-- 使用表AUTO_INCREMENT `xgyxx`
--
ALTER TABLE `xgyxx`
  MODIFY `id` int(20) NOT NULL AUTO_INCREMENT;
--
-- 使用表AUTO_INCREMENT `xgyyshxmclshq`
--
ALTER TABLE `xgyyshxmclshq`
  MODIFY `id` int(11) NOT NULL AUTO_INCREMENT;
--
-- 使用表AUTO_INCREMENT `xjsfjl`
--
ALTER TABLE `xjsfjl`
  MODIFY `id` int(11) NOT NULL AUTO_INCREMENT, AUTO_INCREMENT=2;
--
-- 使用表AUTO_INCREMENT `xtggxx`
--
ALTER TABLE `xtggxx`
  MODIFY `id` int(11) NOT NULL AUTO_INCREMENT, AUTO_INCREMENT=4;
--
-- 使用表AUTO_INCREMENT `yf`
--
ALTER TABLE `yf`
  MODIFY `id` int(100) NOT NULL AUTO_INCREMENT, AUTO_INCREMENT=8;
--
-- 使用表AUTO_INCREMENT `yfdb`
--
ALTER TABLE `yfdb`
  MODIFY `id` int(11) NOT NULL AUTO_INCREMENT COMMENT 'id', AUTO_INCREMENT=2;
--
-- 使用表AUTO_INCREMENT `yfshqsc`
--
ALTER TABLE `yfshqsc`
  MODIFY `id` int(11) NOT NULL AUTO_INCREMENT;
--
-- 使用表AUTO_INCREMENT `yfshqzy`
--
ALTER TABLE `yfshqzy`
  MODIFY `id` int(100) NOT NULL AUTO_INCREMENT, AUTO_INCREMENT=17;
--
-- 使用表AUTO_INCREMENT `yfzyshd`
--
ALTER TABLE `yfzyshd`
  MODIFY `id` int(100) NOT NULL AUTO_INCREMENT;
--
-- 使用表AUTO_INCREMENT `ypname`
--
ALTER TABLE `ypname`
  MODIFY `id` int(10) UNSIGNED NOT NULL AUTO_INCREMENT COMMENT '自增id', AUTO_INCREMENT=3;
--
-- 使用表AUTO_INCREMENT `yxpgbg`
--
ALTER TABLE `yxpgbg`
  MODIFY `id` int(11) NOT NULL AUTO_INCREMENT;
--
-- 使用表AUTO_INCREMENT `yxtjpg_new`
--
ALTER TABLE `yxtjpg_new`
  MODIFY `id` int(10) UNSIGNED NOT NULL AUTO_INCREMENT COMMENT '自增id', AUTO_INCREMENT=25;
--
-- 使用表AUTO_INCREMENT `yyhsh`
--
ALTER TABLE `yyhsh`
  MODIFY `id` int(100) NOT NULL AUTO_INCREMENT;
--
-- 使用表AUTO_INCREMENT `yyyshdq`
--
ALTER TABLE `yyyshdq`
  MODIFY `id` int(100) NOT NULL AUTO_INCREMENT, AUTO_INCREMENT=11;
--
-- 使用表AUTO_INCREMENT `zhushi`
--
ALTER TABLE `zhushi`
  MODIFY `id` int(11) NOT NULL AUTO_INCREMENT;
--
-- 使用表AUTO_INCREMENT `zhxqsh`
--
ALTER TABLE `zhxqsh`
  MODIFY `id` int(100) NOT NULL AUTO_INCREMENT, AUTO_INCREMENT=81;
--
-- 使用表AUTO_INCREMENT `zhyf`
--
ALTER TABLE `zhyf`
  MODIFY `id` int(11) NOT NULL AUTO_INCREMENT;
--
-- 使用表AUTO_INCREMENT `zhzh`
--
ALTER TABLE `zhzh`
  MODIFY `id` int(100) NOT NULL AUTO_INCREMENT, AUTO_INCREMENT=2;
--
-- 使用表AUTO_INCREMENT `zyff`
--
ALTER TABLE `zyff`
  MODIFY `id` int(100) NOT NULL AUTO_INCREMENT, AUTO_INCREMENT=24;
--
-- 使用表AUTO_INCREMENT `zyff_2014-12-10`
--
ALTER TABLE `zyff_2014-12-10`
  MODIFY `id` int(100) NOT NULL AUTO_INCREMENT;
/*!40101 SET CHARACTER_SET_CLIENT=@OLD_CHARACTER_SET_CLIENT */;
/*!40101 SET CHARACTER_SET_RESULTS=@OLD_CHARACTER_SET_RESULTS */;
/*!40101 SET COLLATION_CONNECTION=@OLD_COLLATION_CONNECTION */;
